9.29, -1.41, -0.83, -0.56, 0.49, -0.29, -5.31, -16.42, 73.36, -0.31, 0.51, -0.56, -60.24, 6.94, -618.23, 0.00, 65266, 1301027979.85, 
9.26, -1.41, -0.83, -0.55, -0.04, -0.05, -5.98, -15.75, 73.12, -0.07, -0.04, -0.56, -59.81, 1.60, -615.13, 0.00, 65264, 1301027979.97, 
9.29, -1.41, -0.86, -0.58, -0.16, -0.59, -6.41, -16.54, 73.18, -0.62, -0.16, -0.58, -58.32, 0.11, -614.49, 0.00, 65263, 1301027980.17, 
9.29, -1.40, -0.85, -0.74, 0.44, -0.44, -6.41, -16.05, 73.61, -0.47, 0.45, -0.74, -59.07, 1.71, -613.31, 0.00, 65266, 1301027980.43, 
9.29, -1.41, -0.85, -0.33, 0.54, -0.77, -6.16, -15.62, 73.30, -0.78, 0.54, -0.33, -60.46, 0.64, -613.96, 0.00, 65265, 1301027980.58, 
9.42, -1.43, -0.81, -0.27, 0.25, -0.73, -6.10, -15.81, 73.43, -0.74, 0.25, -0.27, -58.64, 0.21, -617.27, 0.00, 65263, 1301027980.78, 
9.15, -1.42, -0.82, -0.58, 0.38, -0.71, -6.23, -16.11, 73.49, -0.76, -0.29, -0.33, -57.79, 3.10, -616.41, 0.00, 65266, 1301027981.03, 
9.17, -1.42, -0.83, -0.85, -0.30, -0.77, -5.98, -15.69, 73.61, -0.72, 0.07, -0.83, -57.14, 1.17, -615.34, 0.00, 65267, 1301027981.19, 
9.18, -1.43, -0.85, 0.54, -0.11, -0.16, -5.86, -16.11, 73.43, -0.16, -0.13, 0.54, -57.79, 2.03, -619.94, 0.00, 65264, 1301027981.39, 
9.16, -1.43, -0.85, -0.07, 0.15, 0.01, -6.29, -15.50, 72.88, 0.02, 0.16, -0.07, -58.11, 2.99, -615.45, 0.00, 65268, 1301027981.64, 
9.15, -1.43, -0.85, -1.19, -0.48, -0.81, -6.59, -15.99, 72.88, -0.85, -0.47, -1.21, -59.17, 0.21, -612.78, 0.00, 65262, 1301027981.79, 
9.11, -1.42, -0.86, -0.71, -0.38, 0.00, -6.04, -15.99, 73.61, -0.02, -0.38, -0.72, -58.11, 1.50, -612.78, 0.00, 65268, 1301027981.99, 
9.20, -1.42, -0.85, -0.21, -0.07, -0.78, -6.96, -16.11, 72.81, -0.80, -0.07, -0.22, -61.84, 2.67, -618.66, 0.00, 65257, 1301027982.24, 
9.20, -1.42, -0.83, -0.56, 0.55, -0.58, -6.41, -15.87, 72.94, -0.60, 0.56, -0.56, -59.49, 0.53, -615.02, 0.00, 65263, 1301027982.4, 
9.21, -1.43, -0.83, -0.15, 0.43, -0.96, -6.23, -15.93, 73.43, -0.98, 0.43, -0.14, -59.28, -1.39, -614.06, 0.00, 65263, 1301027982.6, 
9.15, -1.43, -0.85, -0.67, -0.32, -0.12, -5.68, -16.36, 73.67, -0.14, -0.31, -0.69, -60.03, 1.17, -613.31, 0.00, 65264, 1301027982.85, 
9.16, -1.42, -0.87, -0.32, -0.18, -0.63, -6.29, -15.38, 73.43, -0.65, -0.18, -0.33, -59.81, 1.17, -613.31, 0.00, 65265, 1301027983.01, 
9.14, -1.43, -0.87, -0.30, 0.00, -0.62, -6.47, -16.30, 73.67, -0.63, 0.02, -0.31, -59.60, 2.14, -613.96, 0.00, 65267, 1301027983.2, 
9.23, -1.43, -0.86, -0.52, -0.12, -0.62, -6.96, -16.17, 73.49, -0.63, -0.13, -0.53, -60.78, 2.67, -619.19, 0.00, 65258, 1301027983.44, 
9.34, -1.43, -0.83, -0.32, -0.11, -0.95, -6.53, -15.50, 73.12, -0.96, -0.11, -0.33, -57.36, -0.32, -616.63, 0.00, 65262, 1301027983.61, 
9.36, -1.41, -0.82, -0.84, -0.11, -0.55, -6.16, -16.05, 72.88, -0.58, -0.11, -0.85, -57.89, 0.96, -612.35, 0.00, 65265, 1301027983.81, 
9.35, -1.41, -0.85, -0.30, 0.05, -1.46, -7.32, -16.30, 73.61, -1.47, 0.07, -0.31, -58.11, 1.39, -611.07, 0.00, 65266, 1301027984.04, 
9.32, -1.41, -0.85, -0.60, 0.10, -0.81, -6.10, -15.50, 73.24, -0.83, 0.11, -0.62, -56.93, 1.50, -612.78, 0.00, 65271, 1301027984.21, 
9.42, -1.41, -0.82, 0.16, 0.48, -0.91, -6.71, -15.87, 73.49, -0.91, 0.49, 0.18, -58.11, 0.64, -612.14, 0.00, 65270, 1301027984.42, 
9.39, -1.41, -0.83, -0.91, 0.51, -0.95, -6.65, -16.05, 72.20, -0.98, 0.53, -0.91, -60.46, 3.20, -615.98, 0.00, 65264, 1301027984.66, 
9.39, -1.41, -0.85, -0.16, 0.38, -0.33, -6.04, -15.99, 73.67, -0.94, 0.20, -0.87, -57.89, 1.60, -613.42, 0.00, 65269, 1301027984.82, 
9.34, -1.41, -0.85, -0.34, 0.65, -1.06, -6.90, -16.17, 73.55, -1.07, 0.65, -0.34, -58.64, 1.39, -615.98, 0.00, 65263, 1301027985.02, 
9.29, -1.42, -0.83, 0.01, -0.30, -0.44, -6.29, -16.42, 72.88, -0.45, -0.31, 0.02, -60.24, -3.10, -616.09, 0.00, 65256, 1301027985.25, 
9.18, -1.41, -0.85, -1.41, -0.47, -0.18, -6.35, -15.81, 73.18, -0.22, -0.45, -1.43, -56.29, 2.46, -611.18, 0.00, 65269, 1301027985.43, 
9.17, -1.41, -0.85, 0.08, 0.18, -0.65, -6.47, -16.60, 73.06, -0.89, 0.11, -0.22, -56.61, 0.96, -614.38, 0.00, 65268, 1301027985.63, 
9.21, -1.43, -0.86, -1.03, -0.04, -0.95, -6.41, -15.62, 73.30, -0.98, -0.04, -1.03, -58.75, 2.03, -615.88, 0.00, 65263, 1301027985.85, 
9.18, -1.42, -0.86, -0.08, -0.08, -0.95, -6.35, -16.30, 73.49, -0.96, -0.09, -0.09, -57.68, 0.64, -614.60, 0.00, 65264, 1301027986.04, 
9.14, -1.44, -0.87, -0.65, -0.11, -1.06, -6.41, -15.69, 73.61, -0.72, -0.16, -0.76, -57.89, 3.20, -612.25, 0.00, 65269, 1301027986.24, 
9.17, -1.44, -0.86, -0.19, 0.12, -0.78, -5.92, -16.05, 73.73, -0.80, 0.13, -0.20, -59.60, 1.39, -615.88, 0.00, 65265, 1301027986.46, 
9.25, -1.43, -0.85, -0.10, -0.21, -0.60, -6.53, -15.56, 73.30, -0.62, -0.22, -0.11, -59.28, -0.21, -614.17, 0.00, 65262, 1301027986.64, 
9.35, -1.43, -0.85, -0.41, 0.19, -0.73, -6.29, -16.54, 73.61, -0.74, 0.20, -0.42, -57.25, 3.20, -615.56, 0.00, 65268, 1301027986.84, 
9.28, -1.43, -0.85, -0.47, -0.16, -0.52, -6.96, -16.11, 73.00, -0.54, -0.16, -0.47, -61.31, 8.12, -621.33, 0.00, 65260, 1301027987.07, 
9.26, -1.42, -0.83, -0.58, 0.26, -0.76, -6.59, -16.17, 73.67, -0.78, 0.27, -0.58, -58.64, 1.39, -611.39, 0.00, 65269, 1301027987.25, 
9.25, -1.43, -0.83, -0.52, 0.16, -0.43, -6.29, -16.24, 73.18, -0.45, 0.18, -0.53, -57.14, 0.75, -613.63, 0.00, 65267, 1301027987.45, 
9.27, -1.44, -0.83, -0.88, -0.30, -0.93, -6.29, -15.93, 73.49, -0.96, -0.29, -0.89, -65.37, 7.58, -619.72, 0.00, 65259, 1301027987.67, 
9.28, -1.42, -0.81, -0.15, -0.16, -0.48, -6.41, -15.99, 72.94, -0.49, -0.16, -0.16, -58.00, 0.43, -615.24, 0.00, 65263, 1301027987.86, 
9.22, -1.43, -0.82, -0.77, 0.22, -0.37, -6.71, -15.38, 73.49, -0.40, 0.24, -0.78, -58.11, 1.60, -612.57, 0.00, 65269, 1301027988.06, 
9.21, -1.42, -0.82, -0.69, 0.18, -0.88, -5.98, -15.81, 73.73, -0.91, 0.20, -0.69, -61.95, 5.45, -619.72, 0.00, 65264, 1301027988.27, 
9.17, -1.42, -0.83, -0.34, 0.34, -1.02, -6.16, -15.87, 73.24, -0.31, 0.83, -0.60, -59.92, 1.28, -613.10, 0.00, 65266, 1301027988.46, 
9.18, -1.43, -0.83, -0.81, 0.40, -0.84, -6.16, -15.81, 73.67, -0.87, 0.42, -0.82, -58.32, 1.07, -611.39, 0.00, 65270, 1301027988.67, 
9.10, -1.44, -0.86, -0.19, 0.12, -0.91, -6.35, -15.81, 72.94, -0.92, 0.13, -0.20, -57.25, 2.99, -615.24, 0.00, 65267, 1301027988.87, 
9.17, -1.44, -0.82, -0.47, -0.05, -0.69, -6.16, -16.11, 73.06, -0.71, -0.05, -0.47, -57.89, 2.03, -613.85, 0.00, 65267, 1301027989.07, 
9.28, -1.45, -0.83, -1.15, 0.55, -0.38, -6.04, -15.56, 73.49, -0.14, 0.56, -0.74, -57.46, 1.28, -617.37, 0.00, 65264, 1301027989.28, 
9.32, -1.41, -0.85, 0.47, 0.76, -0.43, -7.02, -16.48, 72.51, -0.42, 0.76, 0.49, -57.89, 2.35, -616.63, 0.00, 65266, 1301027989.48, 
9.34, -1.41, -0.85, -0.80, -0.43, -0.98, -6.41, -15.87, 73.55, -1.00, -0.42, -0.82, -57.36, 1.50, -613.53, 0.00, 65267, 1301027989.68, 
9.42, -1.44, -0.83, -0.49, -0.33, -0.91, -5.98, -16.11, 73.67, -0.92, -0.33, -0.51, -59.17, 1.50, -614.17, 0.00, 65264, 1301027989.88, 
9.47, -1.44, -0.83, -0.60, -0.62, -1.14, -5.92, -15.99, 73.67, -1.16, -0.62, -0.62, -74.66, 15.17, -632.01, 0.00, 65244, 1301027990.09, 
9.35, -1.42, -0.83, -0.29, -0.74, -0.89, -6.23, -15.81, 73.43, -0.91, -0.74, -0.31, -58.96, 3.74, -619.83, 0.00, 65262, 1301027990.3, 
9.15, -1.41, -0.83, -0.48, 0.26, -1.19, -5.92, -16.24, 73.73, -1.21, 0.27, -0.49, -57.68, 0.75, -611.61, 0.00, 65268, 1301027990.49, 
9.27, -1.41, -0.82, -0.30, -0.16, -0.96, -7.02, -16.05, 72.75, -0.27, 0.54, -0.31, -60.03, 0.64, -618.55, 0.00, 65256, 1301027990.69, 
9.17, -1.42, -0.86, -0.40, 0.77, -0.49, -6.16, -15.69, 73.36, -0.51, 0.78, -0.40, -58.53, 1.28, -614.81, 0.00, 65267, 1301027990.9, 
9.24, -1.42, -0.83, -1.07, 0.99, -0.21, -6.29, -15.87, 73.67, -0.24, 1.01, -1.07, -57.79, 1.71, -613.53, 0.00, 65268, 1301027991.1, 
9.23, -1.43, -0.85, 0.15, 0.30, -0.56, -6.35, -15.93, 74.10, -0.56, 0.31, 0.16, -61.10, 0.96, -614.81, 0.00, 65266, 1301027991.3, 
9.22, -1.41, -0.85, -0.40, 0.34, -0.45, -6.10, -15.75, 73.61, -0.47, 0.36, -0.40, -58.32, 0.75, -617.91, 0.00, 65263, 1301027991.5, 
9.22, -1.43, -0.85, -1.28, -0.03, -0.58, -6.35, -16.30, 73.67, -0.62, -0.02, -1.29, -59.17, 0.85, -616.52, 0.00, 65258, 1301027991.7, 
9.20, -1.43, -0.86, 0.04, 0.12, -0.52, -6.23, -15.44, 74.16, -0.53, 0.13, 0.05, -57.46, 5.02, -613.31, 0.00, 65276, 1301027991.9, 
9.25, -1.43, -0.86, 0.05, -0.30, -0.23, -6.23, -15.62, 73.73, -0.24, -0.31, 0.05, -59.17, 1.17, -613.85, 0.00, 65267, 1301027992.11, 
9.26, -1.43, -0.85, -0.47, 0.26, -1.07, -6.41, -15.99, 73.43, -1.09, 0.27, -0.47, -57.89, -0.64, -615.02, 0.00, 65263, 1301027992.31, 
9.24, -1.43, -0.83, -0.30, -0.30, -0.69, -6.35, -16.05, 73.91, -0.71, -0.31, -0.31, -59.07, -0.21, -614.06, 0.00, 65261, 1301027992.51, 
9.25, -1.02, -1.15, -3.19, -0.91, -0.01, -6.29, -15.81, 73.79, -0.07, -0.85, -3.21, -69.64, 29.48, -621.65, 0.00, 65268, 1301027992.71, 
9.43, -1.35, -0.79, -1.65, 0.08, -1.32, -6.41, -15.81, 73.24, -1.49, -0.24, -1.70, -67.83, 19.76, -582.02, 0.00, 65303, 1301027992.92, 
9.28, -1.15, -1.15, -4.34, -1.91, 1.74, -6.35, -15.75, 73.06, 1.67, -1.83, -4.39, -62.91, 63.23, -654.86, 0.00, 65276, 1301027993.12, 
9.23, -1.30, -1.02, -2.91, -0.21, -0.84, -6.35, -16.30, 73.30, -0.91, -0.16, -2.92, -69.00, 28.84, -608.61, 0.00, 65281, 1301027993.32, 
9.23, -1.35, -0.98, -1.52, -0.23, -0.47, -6.35, -16.05, 73.79, -0.51, -0.22, -1.54, -68.15, 15.59, -609.79, 0.00, 65271, 1301027993.52, 
9.22, -1.45, -1.25, 0.00, 1.24, 0.54, -6.29, -15.56, 73.67, 0.54, 1.25, 0.04, -50.74, -14.63, -618.55, 0.00, 65260, 1301027993.72, 
9.05, -1.00, -1.41, 3.10, -2.24, -0.23, -6.10, -16.05, 73.67, -0.18, -2.32, 3.06, -71.24, 20.61, -602.21, 0.00, 65286, 1301027993.92, 
9.17, -1.12, -0.88, -0.96, -1.35, -0.36, -6.35, -15.69, 73.91, -0.38, -1.34, -1.00, -80.32, -7.16, -610.00, 0.00, 65236, 1301027994.13, 
9.15, -1.38, -1.13, 0.38, 0.07, 0.15, -6.23, -15.50, 73.85, 0.36, 0.80, 0.60, -60.88, 5.23, -652.09, 0.00, 65234, 1301027994.33, 
9.12, -1.37, -1.00, 0.33, 0.22, -0.27, -6.23, -16.30, 73.97, -0.27, 0.22, 0.34, -52.44, -9.93, -591.31, 0.00, 65286, 1301027994.54, 
9.09, -1.37, -0.92, 0.77, 0.04, -0.71, -6.59, -16.11, 73.67, -0.71, 0.04, 0.78, -54.37, -0.64, -621.33, 0.00, 65263, 1301027994.73, 
9.02, -1.37, -0.89, -0.01, -0.55, -1.13, -6.47, -15.87, 73.55, -1.14, -0.56, -0.04, -58.11, -1.07, -608.19, 0.00, 65266, 1301027994.94, 
9.35, -1.71, -0.90, -1.57, -0.56, -1.65, -6.41, -15.69, 73.49, -1.70, -0.54, -1.58, -64.51, 2.46, -611.18, 0.00, 65259, 1301027995.14, 
9.48, -1.69, -0.78, -0.44, 1.07, -0.73, -5.86, -15.81, 73.73, -0.74, 1.09, -0.43, -67.83, -19.12, -612.57, 0.00, 65242, 1301027995.34, 
9.53, -1.55, -0.92, 0.88, 0.87, 0.67, -6.29, -15.81, 74.10, 0.71, 0.85, 0.91, -34.93, -9.72, -616.73, 0.00, 65283, 1301027995.54, 
8.92, -1.08, -1.45, -3.74, -0.91, 0.52, -6.16, -16.54, 73.36, 0.45, -0.82, -3.77, 13.99, 42.51, -642.26, 0.00, 65343, 1301027995.75, 
9.34, -1.43, -1.11, -8.20, 0.29, -0.08, -6.04, -15.75, 73.85, -0.29, 0.45, -8.21, -16.88, 58.53, -621.43, 0.00, 65342, 1301027995.95, 
9.33, -1.40, -0.74, -4.49, 0.21, -0.49, -6.41, -15.75, 73.12, -0.62, 0.27, -4.49, -18.48, 15.81, -605.94, 0.00, 65322, 1301027996.15, 
9.27, -1.49, -0.68, -1.87, -0.40, -0.08, -6.41, -16.30, 73.43, -0.14, -0.38, -1.88, -46.14, -14.63, -617.05, 0.00, 65255, 1301027996.35, 
9.28, -1.81, -0.53, -0.23, 1.77, -0.89, -5.80, -15.44, 73.30, -0.91, 1.78, -0.22, -47.64, -6.41, -616.84, 0.00, 65271, 1301027996.55, 
9.38, -1.64, -0.91, -0.78, -1.40, 0.30, -5.98, -15.50, 73.61, 0.29, -1.40, -0.82, -35.89, 41.66, -627.84, 0.00, 65316, 1301027996.75, 
9.50, -1.88, -0.42, 1.24, 0.74, -1.73, -6.16, -15.50, 73.73, -1.70, 0.74, 1.25, -43.15, 35.03, -589.28, 0.00, 65343, 1301027996.96, 
9.36, -1.36, -1.02, 0.58, 0.04, -0.36, -6.53, -15.99, 73.18, -0.34, 0.04, 0.58, -53.73, 23.29, -625.38, 0.00, 65284, 1301027997.16, 
9.33, -1.34, -0.91, -0.19, -0.05, -0.25, -6.47, -16.36, 73.30, -0.25, -0.05, -0.20, -56.08, 18.05, -612.35, 0.00, 65285, 1301027997.36, 
9.37, -1.34, -0.92, -0.10, -0.29, -0.18, -6.59, -15.20, 73.61, -0.18, -0.29, -0.11, -58.75, 12.28, -614.38, 0.00, 65276, 1301027997.56, 
9.25, -1.33, -0.89, -0.43, 0.29, -0.44, -6.10, -16.78, 73.49, -0.45, 0.31, -0.43, -60.24, 7.26, -611.61, 0.00, 65273, 1301027997.76, 
9.25, -1.34, -0.88, -0.07, -0.07, -0.95, -6.71, -15.56, 73.24, -0.96, -0.07, -0.07, -59.71, 3.74, -617.27, 0.00, 65263, 1301027997.96, 
9.25, -1.32, -0.86, -1.07, 0.26, -0.49, -6.41, -16.17, 73.61, -0.53, 0.29, -1.07, -57.36, 1.07, -614.06, 0.00, 65265, 1301027998.17, 
9.25, -1.34, -0.83, -0.49, -0.07, -0.54, -6.47, -16.36, 73.12, -0.56, -0.07, -0.51, -58.64, 0.21, -614.49, 0.00, 65263, 1301027998.37, 
9.17, -1.36, -0.85, -0.10, 1.26, -0.54, -6.47, -15.99, 73.00, -0.54, 1.27, -0.09, -57.14, 1.60, -613.31, 0.00, 65270, 1301027998.57, 
9.26, -1.34, -0.82, -0.11, 0.43, -1.07, -6.96, -16.17, 74.10, -1.09, 0.43, -0.11, -57.68, -0.11, -617.37, 0.00, 65261, 1301027998.83, 
9.25, -1.33, -0.81, -0.95, 0.85, -0.55, -6.53, -16.24, 73.12, -0.58, 0.87, -0.94, -57.79, 0.32, -609.26, 0.00, 65271, 1301027998.97, 
9.38, -1.33, -0.82, 0.11, 0.29, -1.02, -6.59, -16.36, 73.97, -1.01, 0.29, 0.13, -57.14, 0.11, -613.85, 0.00, 65267, 1301027999.18, 
9.40, -1.32, -0.83, -0.58, 0.56, -1.08, -7.26, -15.26, 73.12, -1.11, 0.58, -0.58, -58.53, 0.75, -619.94, 0.00, 65258, 1301027999.43, 
9.31, -1.32, -0.82, -0.63, 0.27, -0.29, -6.29, -16.42, 73.24, -0.31, 0.29, -0.63, -58.00, 0.32, -613.21, 0.00, 65267, 1301027999.59, 
9.24, -1.35, -0.82, -0.08, -0.01, -0.60, -6.84, -16.30, 73.30, -0.62, -0.02, -0.09, -60.46, 0.53, -611.93, 0.00, 65264, 1301027999.78, 
9.23, -1.36, -0.82, -1.14, 0.18, -0.89, -6.77, -15.38, 73.49, -0.92, 0.20, -1.14, -59.39, -0.21, -619.19, 0.00, 65257, 1301028000.03, 
9.24, -1.35, -0.82, -1.04, -0.08, -0.59, -6.53, -16.05, 73.12, -0.62, -0.07, -1.05, -58.00, -0.85, -616.20, 0.00, 65259, 1301028000.19, 
9.22, -1.35, -0.82, -0.62, 0.22, -0.62, -6.59, -16.24, 73.85, -0.63, 0.24, -0.62, -58.43, 1.28, -613.31, 0.00, 65267, 1301028000.39, 
9.27, -1.36, -0.83, -0.40, -0.59, -1.14, -7.08, -15.44, 74.16, -0.83, 1.14, -0.45, -58.11, -0.11, -613.42, 0.00, 65265, 1301028000.63, 
9.22, -1.36, -0.83, -0.96, 0.11, -0.48, -5.98, -16.42, 73.30, -0.51, 0.13, -0.96, -59.71, 2.78, -618.01, 0.00, 65263, 1301028000.81, 
9.18, -1.35, -0.83, -0.37, -0.22, -0.34, -5.98, -15.50, 73.61, -0.36, -0.22, -0.38, -58.75, 1.39, -618.98, 0.00, 65262, 1301028001.0, 
9.06, -1.33, -0.82, -0.52, -0.52, -0.73, -6.35, -15.81, 74.10, -0.74, -0.53, -0.54, -57.04, 2.14, -610.96, 0.00, 65272, 1301028001.24, 
9.10, -1.33, -0.81, -0.37, 0.93, -0.37, -6.96, -15.62, 73.55, -0.38, 0.94, -0.36, -57.68, 0.53, -614.28, 0.00, 65267, 1301028001.4, 
9.20, -1.35, -0.81, -0.43, 0.14, -0.81, -6.23, -15.62, 73.18, -0.82, 0.04, -0.82, -57.79, 3.20, -613.42, 0.00, 65271, 1301028001.61, 
9.07, -1.35, -0.86, 0.03, -0.63, -0.99, -6.23, -15.38, 73.61, -1.00, -0.63, 0.02, -65.05, 7.69, -618.33, 0.00, 65262, 1301028001.85, 
9.02, -1.34, -0.85, -0.40, 0.66, -0.58, -6.47, -15.69, 73.12, -0.60, 0.67, -0.40, -58.96, 0.43, -615.77, 0.00, 65265, 1301028002.01, 
9.09, -1.33, -0.83, -1.03, -0.07, -0.80, -6.53, -16.24, 73.43, -0.83, -0.05, -1.03, -59.39, 0.11, -615.66, 0.00, 65259, 1301028002.21, 
9.15, -1.35, -0.85, -0.29, 0.16, -0.66, -6.65, -15.69, 73.49, -0.67, 0.18, -0.29, -63.13, 3.95, -616.31, 0.00, 65262, 1301028002.45, 
9.26, -1.36, -0.83, -0.15, 0.00, -0.26, -6.23, -15.87, 73.12, -0.27, 0.00, -0.16, -59.71, 1.82, -615.88, 0.00, 65265, 1301028002.62, 
9.26, -1.37, -0.82, 0.36, 0.33, -0.63, -6.35, -16.54, 72.63, -0.63, 0.33, 0.36, -59.60, -1.28, -614.28, 0.00, 65263, 1301028002.82, 
9.38, -1.37, -0.81, -0.76, 0.15, -0.88, -6.35, -15.75, 73.55, -0.91, 0.16, -0.76, -64.62, 10.36, -622.71, 0.00, 65262, 1301028003.05, 
9.40, -1.36, -0.82, -0.96, -0.25, -0.77, -6.53, -15.75, 73.55, -0.80, -0.24, -0.98, -59.39, 1.17, -611.82, 0.00, 65267, 1301028003.22, 
9.34, -1.35, -0.82, -0.33, 0.36, -0.16, -6.41, -15.38, 73.55, -0.18, 0.36, -0.33, -57.14, 2.35, -611.29, 0.00, 65272, 1301028003.42, 
9.29, -1.35, -0.81, -1.04, -0.14, 0.00, -6.47, -16.42, 73.73, -0.02, -0.13, -1.05, -57.57, 1.92, -618.55, 0.00, 65260, 1301028003.65, 
9.25, -1.33, -0.82, -0.26, 0.19, -0.56, -6.77, -15.44, 72.45, -0.58, 0.20, -0.27, -58.43, -0.43, -615.13, 0.00, 65263, 1301028003.83, 
9.28, -1.33, -0.82, -0.18, 0.27, -0.25, -6.23, -15.50, 73.79, -0.25, 0.29, -0.18, -58.21, 2.14, -615.56, 0.00, 65267, 1301028004.03, 
9.35, -1.34, -0.82, -0.05, -0.48, -0.92, -6.35, -14.40, 73.30, -0.92, -0.49, -0.07, -56.18, 2.35, -615.13, 0.00, 65268, 1301028004.26, 
9.33, -1.34, -0.81, -0.69, 0.36, -1.00, -6.47, -15.87, 73.55, -1.03, 0.38, -0.69, -58.21, 1.50, -612.46, 0.00, 65267, 1301028004.44, 
9.18, -1.36, -0.88, -1.51, -0.58, -1.06, -6.23, -15.99, 73.73, -1.11, -0.56, -1.52, -39.84, 13.78, -607.65, 0.00, 65299, 1301028004.63, 
9.36, -1.41, -0.74, -0.85, -2.13, 0.43, -6.90, -16.24, 73.00, 0.42, -2.12, -0.89, -120.06, -8.76, -632.97, 0.00, 65171, 1301028004.86, 
9.24, -1.25, -1.00, 2.77, -0.98, 0.45, -6.23, -15.26, 73.24, 0.53, -1.03, 2.77, -29.48, 106.28, -643.33, 0.00, 65377, 1301028005.05, 
9.36, -1.74, -0.76, 2.65, 11.91, -4.46, -7.57, -16.05, 73.79, -6.52, 25.66, 2.94, 271.09, -124.76, -686.80, 0.00, 65429, 1301028005.25, 
9.50, -0.56, -0.41, -2.54, 8.20, -11.49, -6.71, -15.99, 74.40, -16.74, -22.54, 2.01, 154.88, 389.76, -670.67, 0.00, 236, 1301028005.46, 
9.53, -0.62, -0.32, -2.90, -12.40, -18.26, -7.45, -15.81, 74.65, -18.34, -12.41, -2.94, 235.20, 130.74, -403.54, 0.00, 299, 1301028005.65, 
9.79, -0.97, -0.49, -1.83, 12.84, -31.90, -7.14, -16.30, 73.67, -31.98, 12.87, -1.83, 280.70, 354.62, -13.35, 0.00, 982, 1301028005.85, 
9.92, -1.29, -0.20, -0.99, 15.31, -5.41, -7.08, -16.36, 74.77, -5.45, 15.35, -0.82, -8.87, -468.48, -725.36, 0.00, 64755, 1301028006.07, 
10.04, -0.91, -0.80, -0.78, -14.23, -8.84, -7.63, -15.62, 74.04, -8.88, -14.24, -0.91, -106.81, 291.81, -1134.98, 0.00, 64945, 1301028006.25, 
9.84, -0.64, -0.57, 4.26, -18.51, -9.28, -7.26, -15.69, 74.16, -9.24, -18.57, 4.15, 158.72, 161.39, -563.97, 0.00, 113, 1301028006.46, 
9.98, -1.15, -0.24, 1.87, 5.59, 2.83, -6.84, -15.50, 73.79, 2.88, 5.58, 1.96, 185.75, -568.13, -180.94, 0.00, 65395, 1301028006.68, 
10.11, -0.69, -0.86, -5.00, -1.79, 6.84, -6.53, -16.05, 74.16, 6.80, -1.72, -5.04, -383.03, 289.03, -642.58, 0.00, 65205, 1301028006.86, 
10.13, -1.15, -1.05, 3.54, -11.47, -7.65, -6.41, -16.36, 73.85, -7.63, -11.52, 3.44, -502.55, 446.90, -768.30, 0.00, 65084, 1301028007.07, 
9.92, -1.43, -0.44, 1.72, 9.89, 19.62, -6.96, -16.11, 73.73, 19.70, 9.86, 1.96, -218.11, -731.98, -676.87, 0.00, 64373, 1301028007.28, 
10.09, -1.41, -0.89, 6.44, -10.75, 27.92, -7.51, -16.05, 74.28, 8.03, 13.25, 3.10, 11.75, -832.28, -1033.73, 0.00, 64134, 1301028007.47, 
10.05, -0.75, -0.86, 0.70, 4.06, -15.24, -6.96, -15.99, 74.10, -15.26, 4.08, 0.74, 518.79, 329.30, -108.63, 0.00, 1124, 1301028007.67, 
10.07, -1.24, -0.20, 1.57, 12.70, 17.36, -6.47, -15.44, 73.55, 17.41, 12.68, 1.83, -71.03, -867.10, -231.68, 0.00, 64833, 1301028007.88, 
9.82, -0.78, -0.66, -2.35, 6.08, -26.39, -6.84, -15.99, 73.61, -26.47, 6.11, -2.34, 133.52, 424.90, -542.39, 0.00, 374, 1301028008.08, 
9.82, -0.93, -0.47, 2.64, 7.77, -18.46, -6.71, -15.62, 74.58, -18.45, 7.77, 2.70, 65.16, 280.17, 16.98, 0.00, 750, 1301028008.28, 
10.03, -0.91, -0.77, 0.37, 2.75, -3.41, -7.45, -16.05, 74.89, -3.41, 2.75, 0.42, -165.56, 22.64, -1283.24, 0.00, 64513, 1301028008.48, 
9.85, -1.09, -0.89, 3.86, -15.70, -1.94, -6.90, -15.75, 74.10, -1.90, -15.76, 3.68, -564.50, 198.46, -1058.29, 0.00, 64490, 1301028008.69, 
9.71, -1.36, -0.31, -1.70, 27.52, 5.44, -6.59, -16.11, 73.73, -15.51, 4.40, -2.92, 760.82, -129.46, -527.33, 0.00, 523, 1301028008.89, 
9.89, -1.34, -1.15, 5.42, 9.45, 20.87, -6.96, -14.77, 74.04, 21.04, 9.35, 5.64, -141.63, -771.82, -1095.68, 0.00, 64004, 1301028009.09, 
9.91, -0.70, -0.51, -5.69, 16.26, -22.55, -6.29, -16.11, 73.79, -22.70, 16.31, -5.62, 466.55, 138.32, -137.57, 0.00, 847, 1301028009.29, 
9.80, -1.43, -0.86, -0.11, 5.22, 26.02, -7.32, -16.24, 74.22, 26.06, 5.24, 0.02, -496.14, -509.81, -471.57, 0.00, 64525, 1301028009.5, 
9.65, -0.76, -0.33, 0.32, 0.48, -16.70, -7.51, -15.56, 74.22, -16.72, 0.49, 0.33, -218.96, 646.11, -691.29, 0.00, 109, 1301028009.69, 
9.80, -1.01, -0.67, 0.01, 4.08, -12.15, -7.14, -16.30, 73.73, -12.18, 4.10, 0.05, -108.31, 152.21, 26.70, 0.00, 456, 1301028009.9, 
10.01, -1.13, -0.67, 6.15, -8.62, -5.99, -6.96, -16.05, 74.40, -5.89, -8.72, 6.07, -124.12, -2.99, -1110.20, 0.00, 64688, 1301028010.1, 
9.85, -1.07, -0.83, -6.89, 16.42, 0.32, -6.16, -16.54, 73.79, 6.09, 1.03, -6.29, 409.94, -97.20, -261.69, 0.00, 464, 1301028010.3, 
9.88, -1.29, -1.13, 1.77, 16.58, 15.17, -7.32, -15.44, 73.79, 15.24, 16.56, 2.12, -166.31, -513.23, -848.41, 0.00, 64477, 1301028010.5, 
9.92, -0.63, -0.53, -10.11, -0.59, -8.34, -7.45, -15.01, 73.91, -8.55, -0.53, -10.13, 404.28, 118.56, -546.24, 0.00, 340, 1301028010.7, 
9.98, -0.52, -0.81, 1.35, -15.78, -5.56, -7.32, -15.81, 74.52, -5.56, -15.82, 1.18, 262.01, 166.31, -336.99, 0.00, 457, 1301028010.9, 
10.11, -0.67, -0.14, -0.26, 12.59, -4.78, -6.71, -15.93, 74.04, -17.92, -7.59, -3.70, 386.66, 466.45, -621.65, 0.00, 616, 1301028011.1, 
10.15, -0.99, -1.35, 1.06, -16.47, 6.30, -7.08, -16.05, 74.28, 6.32, -16.51, 0.85, -454.70, 623.68, -449.14, 0.00, 105, 1301028011.3, 
10.32, -0.73, -0.74, -0.74, 3.34, -12.66, -7.39, -15.93, 73.85, -12.70, 3.35, -0.72, 499.45, 255.39, -167.91, 0.00, 972, 1301028011.51, 
10.24, -0.78, -1.30, -3.23, -20.13, -7.18, -7.63, -15.50, 74.34, 26.96, -11.20, -3.21, -755.37, 69.43, -738.60, 0.00, 64496, 1301028011.71, 
10.20, -0.58, -0.44, -2.20, -0.48, -9.19, -7.39, -15.38, 74.04, -9.22, -0.47, -2.21, -240.43, 710.41, -702.61, 0.00, 147, 1301028011.91, 
10.24, -1.13, -0.74, -0.38, -5.36, 24.72, -7.20, -16.17, 73.73, 24.75, -5.36, -0.49, -263.18, -255.71, -1084.46, 0.00, 64372, 1301028012.11, 
10.22, -1.20, -0.38, -3.80, 8.60, -4.64, -6.65, -16.17, 74.04, -4.73, 8.66, -3.71, -110.23, -253.36, -268.74, 0.00, 65309, 1301028012.31, 
10.16, -1.15, -0.97, -3.79, 1.81, 12.76, -8.00, -15.32, 73.79, 12.70, 1.88, -3.77, 109.48, -226.01, -168.44, 0.00, 138, 1301028012.52, 
9.88, -1.33, -0.86, -2.42, 20.96, 7.79, -7.69, -15.56, 73.85, 7.74, 21.02, -2.10, 191.94, -485.89, -619.83, 0.00, 65077, 1301028012.72, 
9.96, -0.90, -0.80, -3.32, -2.88, -1.19, -6.77, -16.48, 74.22, -1.25, -2.86, -3.37, -50.84, 160.75, 46.25, 0.00, 545, 1301028012.92, 
9.93, -0.47, -0.48, -4.19, 6.28, -8.53, -5.98, -15.50, 74.22, -8.63, 6.32, -4.15, 619.30, -4.59, -205.61, 0.00, 802, 1301028013.12, 
9.84, -1.31, -0.52, -3.57, 13.07, -9.83, -7.32, -15.75, 73.97, -9.93, 13.12, -3.46, 522.20, -452.03, -908.97, 0.00, 65101, 1301028013.33, 
9.79, -0.60, -0.62, -3.31, 8.86, -22.99, -7.45, -15.62, 74.40, -23.08, 8.88, -3.30, 546.34, 375.66, -115.04, 0.00, 1174, 1301028013.53, 
9.96, -1.27, -0.11, 3.52, 16.97, 8.73, -7.45, -16.48, 73.67, 8.84, 16.92, 3.90, 5.02, -1050.07, -571.87, 0.00, 64378, 1301028013.73, 
10.00, -0.70, -0.81, 0.27, 12.59, -24.54, -7.26, -15.75, 74.22, 1.05, 3.04, 0.96, 16.88, 177.52, -688.30, 0.00, 65440, 1301028013.93, 
9.90, -0.77, -0.42, 7.59, 5.07, -12.87, -7.45, -16.17, 73.85, -12.74, 5.02, 7.65, 281.34, -122.94, -397.02, 0.00, 164, 1301028014.13, 
9.65, -1.23, -0.60, 0.00, 16.48, -0.99, -7.32, -15.87, 74.58, -1.00, 16.51, 0.25, 19.12, -250.47, -752.49, 0.00, 64989, 1301028014.34, 
9.81, -1.46, -0.82, 6.94, 9.87, 7.25, -7.08, -16.42, 73.91, 7.39, 9.77, 7.12, -454.27, -118.24, -752.70, 0.00, 64660, 1301028014.54, 
10.39, -0.52, -0.60, -1.85, -6.85, -4.39, -7.39, -16.05, 74.10, -4.42, -6.85, -1.94, -133.62, 402.89, 127.43, 0.00, 775, 1301028014.74, 
10.45, -0.98, -0.04, -0.54, 18.88, 8.24, -7.20, -16.24, 73.97, 8.24, 18.92, -0.20, 251.01, -936.42, -639.70, 0.00, 64668, 1301028014.95, 
10.59, -0.19, -0.32, -10.74, -1.57, -24.60, -7.69, -16.30, 74.16, -24.79, -1.56, -10.76, 578.28, 126.36, -484.71, 0.00, 551, 1301028015.15, 
10.18, -0.80, -0.07, -3.20, 15.04, -4.63, -7.02, -15.81, 73.73, -4.71, 15.09, -3.06, 362.31, -487.06, -934.28, 0.00, 64896, 1301028015.35, 
10.35, -0.36, -1.21, 5.30, -8.86, 25.86, -7.57, -15.62, 73.85, 25.93, -8.99, 5.11, -737.32, 118.56, -767.02, 0.00, 64598, 1301028015.55, 
10.48, -1.20, -1.26, 4.26, -16.74, 13.98, -6.96, -15.93, 74.16, 14.04, -16.83, 3.99, -666.08, 338.81, -776.95, 0.00, 64840, 1301028015.76, 
10.28, -0.79, 0.18, 0.56, 20.38, -2.18, -8.06, -16.11, 74.46, -2.17, 20.40, 0.82, 625.49, -837.41, -818.71, 0.00, 64947, 1301028015.96, 
9.90, -0.57, 0.04, -3.39, 21.26, -6.70, -7.20, -15.81, 73.91, -27.87, 0.14, -7.66, 463.35, 414.96, -126.36, 0.00, 1132, 1301028016.16, 
10.21, -1.36, -1.07, 1.57, 0.33, 12.51, -7.69, -16.05, 74.34, 12.56, 0.31, 1.58, -728.56, 262.22, -964.94, 0.00, 64537, 1301028016.36, 
9.83, -1.44, -0.99, 10.66, -6.67, 29.59, -6.71, -15.69, 74.22, 29.77, -6.94, 10.51, -750.14, -260.19, -906.30, 0.00, 64090, 1301028016.57, 
10.07, -0.27, -0.27, -6.74, 3.32, -8.09, -6.53, -15.69, 74.22, -8.19, 3.37, -6.74, 408.88, -60.78, -226.98, 0.00, 504, 1301028016.76, 
9.98, -0.53, -0.14, -5.05, -19.25, -21.96, -7.14, -15.87, 74.52, -22.03, -19.28, -5.09, 26.92, 910.15, -317.66, 0.00, 929, 1301028016.97, 
9.85, -1.01, -0.49, 4.63, 11.01, -1.70, -6.59, -15.75, 74.46, -1.61, 10.96, 4.80, 28.73, -302.49, -1491.74, 0.00, 64203, 1301028017.17, 
9.77, -1.32, -1.10, 4.66, 15.34, 6.67, -7.39, -16.24, 74.16, 6.78, 15.28, 4.95, -308.69, 81.07, -1016.21, 0.00, 64747, 1301028017.38, 
9.71, -0.74, -0.62, -9.70, -15.01, 0.87, -7.02, -15.01, 74.58, -4.06, 5.16, -0.05, -532.89, 315.10, -135.22, 0.00, 28, 1301028017.57, 
10.06, -0.73, -0.10, 2.10, 17.80, -25.89, -6.47, -15.69, 73.73, -25.88, 17.81, 2.19, 384.74, -225.48, -342.76, 0.00, 210, 1301028017.83, 
9.88, -0.66, -0.78, -1.83, -17.00, 13.29, -7.26, -15.81, 74.22, 13.30, -17.00, -2.12, -116.10, -104.03, -743.84, 0.00, 64965, 1301028017.98, 
10.06, -1.00, -0.70, -2.31, -12.10, 34.83, -7.39, -16.54, 73.73, 34.84, -12.07, -2.57, -459.72, -374.06, -262.01, 0.00, 64882, 1301028018.18, 
10.24, -0.44, 0.18, -1.41, -6.81, -26.11, -7.69, -15.75, 73.91, -26.15, -6.83, -1.40, 264.89, 834.52, -342.44, 0.00, 1092, 1301028018.44, 
10.33, -0.69, -1.46, 4.71, -7.25, 40.48, -7.20, -15.69, 74.04, 40.59, -7.39, 4.51, -694.28, -986.52, -924.89, 0.00, 63410, 1301028018.59, 
10.07, -0.99, -0.94, 2.29, -13.44, -1.21, -7.39, -16.30, 73.85, -1.20, -13.48, 2.19, -511.63, 464.10, -358.46, 0.00, 65510, 1301028018.79, 
9.85, -0.96, -0.48, 1.72, 12.61, -11.01, -6.90, -15.99, 74.04, -11.00, 12.61, 1.83, -407.92, 426.61, -784.11, 0.00, 65182, 1301028019.04, 
9.81, -0.85, -1.02, 5.26, -2.64, 7.25, -7.81, -15.50, 73.73, 7.34, -2.74, 5.22, -509.28, 42.62, -1149.83, 0.00, 64343, 1301028019.19, 
9.71, -1.05, -0.34, 1.40, 14.67, 15.78, -7.39, -16.17, 73.55, 15.84, 14.66, 1.69, 64.51, -629.02, -1081.47, 0.00, 64354, 1301028019.4, 
9.43, -0.87, -0.45, -2.93, 13.69, -0.54, -7.32, -15.56, 75.56, -0.58, 13.75, -2.75, -128.92, -300.25, -395.63, 0.00, 65138, 1301028019.64, 
9.51, -0.44, -0.36, -0.62, -10.75, 21.07, -7.45, -16.11, 74.34, -9.51, -7.97, -3.90, -58.21, 66.33, -79.57, 0.00, 321, 1301028019.8, 
9.54, -0.83, -0.81, -2.55, -11.43, 18.13, -7.26, -16.05, 74.40, 18.14, -11.40, -2.77, -371.49, -151.89, -268.74, 0.00, 65157, 1301028020.0, 
9.42, -0.65, -1.36, 1.15, -14.32, -6.23, -7.14, -15.93, 74.71, -6.25, -14.35, 1.03, -445.51, 831.00, -381.00, 0.00, 370, 1301028020.24, 
9.53, -0.94, -0.86, -5.71, -12.57, 25.57, -7.14, -16.24, 74.95, 25.57, -12.48, -5.94, -549.76, -38.67, -868.81, 0.00, 64498, 1301028020.41, 
9.48, -1.11, -1.10, 1.32, 8.64, 12.39, -7.51, -16.11, 74.65, 12.43, 8.63, 1.50, -109.70, -922.86, -965.05, 0.00, 63985, 1301028020.62, 
9.28, -1.00, -0.45, 5.92, 10.56, -11.00, -7.81, -15.99, 73.67, -10.94, 10.53, 6.02, -383.35, -58.96, -575.61, 0.00, 64933, 1301028020.86, 
9.37, -0.37, -0.87, -6.95, -12.02, -29.97, -7.32, -15.56, 74.40, -30.08, -12.03, -6.98, 245.13, 653.05, 2.67, 0.00, 1207, 1301028021.02, 
9.25, -1.29, -0.93, -0.36, 0.32, 4.90, -7.02, -16.24, 74.28, 4.91, 0.33, -0.36, -542.93, 44.65, -1161.37, 0.00, 64288, 1301028021.22, 
9.87, -0.79, -0.99, 3.35, -25.02, 24.42, -7.26, -15.81, 74.52, 24.48, -25.11, 2.86, -275.25, -67.51, -586.93, 0.00, 65015, 1301028021.46, 
9.44, -0.53, -0.35, -1.72, -15.96, 0.84, -7.57, -15.62, 73.91, 0.83, -15.96, -1.83, 112.47, -28.63, -88.23, 0.00, 365, 1301028021.62, 
9.87, -0.11, -0.46, -11.27, -11.23, -7.33, -7.81, -16.78, 74.16, -7.45, -11.20, -11.34, 364.12, 176.88, -382.60, 0.00, 500, 1301028021.84, 
9.62, -0.64, 0.00, -3.17, 11.01, -16.27, -7.39, -15.44, 75.38, -16.38, 11.05, -3.10, 633.50, -435.05, -497.64, 0.00, 89, 1301028022.06, 
9.63, -0.70, -0.93, -0.99, -3.10, 20.93, -7.32, -15.69, 74.46, 20.95, -3.10, -1.05, -374.27, -866.67, -167.05, 0.00, 64564, 1301028022.24, 
9.76, -0.87, -0.34, -3.72, 23.24, -4.55, -7.14, -15.75, 73.85, -4.64, 23.32, -3.41, 256.14, -469.33, -569.41, 0.00, 65188, 1301028022.43, 
9.66, -0.77, -0.73, -2.94, 17.55, -36.45, -7.32, -15.75, 73.85, -36.55, 17.58, -2.95, 164.17, 588.11, -567.28, 0.00, 545, 1301028022.66, 
9.59, -1.03, -0.64, -3.08, 10.26, -1.44, -7.57, -15.50, 74.71, -1.50, 10.31, -2.97, 441.03, -575.72, -745.44, 0.00, 65072, 1301028022.84, 
9.70, -1.34, -0.75, 6.74, -1.94, 10.89, -7.02, -15.87, 74.28, 11.02, -2.07, 6.72, -488.13, -260.51, -1223.10, 0.00, 63998, 1301028023.04, 
9.68, -1.11, -0.88, 3.80, 21.05, 8.80, -8.48, -16.24, 74.77, 8.90, 21.02, 4.15, -28.09, -964.19, -1159.76, 0.00, 63853, 1301028023.27, 
9.36, -0.90, -0.83, -2.72, 14.01, -27.18, -7.51, -16.11, 74.58, -27.25, 14.04, -2.68, -101.69, 542.39, -573.79, 0.00, 239, 1301028023.45, 
9.31, -0.32, -1.03, 0.96, -15.52, 36.19, -7.39, -16.17, 74.77, 36.24, -15.57, 0.65, -362.09, -869.34, -600.39, 0.00, 64149, 1301028023.65, 
8.98, -0.53, -0.90, -2.07, -17.30, 29.87, -7.75, -16.17, 75.01, 29.90, -17.29, -2.39, -136.29, -37.60, -891.45, 0.00, 64893, 1301028023.86, 
9.12, -0.88, -0.32, -3.50, 22.69, 2.14, -7.51, -16.30, 74.16, 2.07, 22.78, -3.13, 239.26, -576.68, -1027.42, 0.00, 64618, 1301028024.05, 
9.22, -0.60, -0.22, 3.30, 10.79, 12.51, -7.75, -16.11, 74.16, 12.58, 10.76, 3.48, 52.44, -609.58, -1494.19, 0.00, 63941, 1301028024.26, 
8.98, -0.49, -0.67, -2.06, -9.46, -4.74, -7.26, -16.54, 74.95, -4.77, -9.46, -2.17, -480.23, 660.20, -72.63, 0.00, 477, 1301028024.46, 
8.87, -0.70, 0.01, -2.28, -2.58, 19.68, -7.51, -16.36, 74.22, 19.70, -2.55, -2.34, -337.53, -852.57, -347.89, 0.00, 64431, 1301028024.66, 
9.03, -1.04, -0.88, -4.13, -9.56, 28.07, -7.39, -16.17, 75.13, 28.07, -9.48, -4.35, -442.95, -263.51, -954.58, 0.00, 64308, 1301028024.87, 
8.81, -0.40, -0.45, -5.75, 16.63, -35.02, -5.98, -15.44, 74.46, -35.13, 16.65, -5.76, 275.79, 340.20, -375.34, 0.00, 596, 1301028025.07, 
8.65, -0.42, -0.60, -1.66, 10.55, -30.71, -7.39, -15.87, 74.58, -30.77, 10.56, -1.70, 219.07, 645.25, -93.25, 0.00, 1131, 1301028025.27, 
8.75, -0.76, -0.73, 1.95, 1.39, 6.84, -7.57, -15.62, 74.22, 6.89, 1.36, 1.98, -54.79, -182.33, -1349.36, 0.00, 64372, 1301028025.47, 
8.84, -0.80, -0.80, 2.11, -1.08, -7.31, -7.81, -15.81, 74.40, -7.30, -1.11, 2.12, -353.12, 367.22, 170.26, 0.00, 574, 1301028025.68, 
8.89, -1.09, -0.96, 5.59, -13.22, 15.49, -6.71, -15.62, 73.97, 15.62, -13.34, 5.36, 69.21, -445.94, -1293.81, 0.00, 64284, 1301028025.87, 
8.65, -0.55, -0.40, -0.49, -17.58, 31.01, -7.14, -15.44, 74.04, 31.04, -17.59, -0.80, 19.33, -415.82, -845.74, 0.00, 64725, 1301028026.08, 
8.88, -1.03, -0.44, -3.60, 0.16, 25.30, -7.81, -15.62, 74.40, 25.28, 0.25, -3.61, -316.06, -697.59, -352.48, 0.00, 64617, 1301028026.28, 
9.18, -0.85, -1.11, 3.58, -8.98, -4.55, -7.20, -16.24, 74.16, 25.64, 4.00, -3.04, -405.24, -428.21, -981.18, 0.00, 64140, 1301028026.48, 
9.11, -0.76, -1.14, 5.20, -2.94, -5.91, -6.96, -15.75, 74.77, -5.89, -3.01, 5.18, -424.36, 395.10, -331.54, 0.00, 38, 1301028026.68, 
9.09, -0.82, -0.70, 3.98, 4.96, 0.81, -7.57, -15.69, 75.81, 0.87, 4.91, 4.06, -175.28, -88.87, -822.77, 0.00, 64873, 1301028026.89, 
8.73, -0.99, 0.27, -1.44, 14.41, -1.15, -7.02, -15.93, 74.34, -1.20, 14.44, -1.27, -40.80, -960.24, -860.16, 0.00, 64102, 1301028027.09, 
8.60, -0.36, -0.60, 1.11, -6.91, -5.74, -6.53, -16.11, 74.40, -5.74, -6.94, 1.05, -186.07, 828.86, -576.78, 0.00, 447, 1301028027.29, 
8.62, -0.62, -0.44, -0.58, -13.20, -7.54, -7.39, -15.87, 74.16, -7.56, -13.21, -0.65, 17.62, 93.89, -29.05, 0.00, 441, 1301028027.49, 
8.25, -0.35, -0.74, 1.95, 11.29, -34.37, -6.96, -15.50, 75.26, -34.41, 11.31, 1.98, -157.76, 551.26, -865.60, 0.00, 65427, 1301028027.69, 
8.79, -0.63, -0.25, 1.36, 22.32, -24.94, -6.59, -16.48, 74.46, -16.22, -7.10, 1.30, -73.81, 811.77, -515.37, 0.00, 602, 1301028027.89, 
8.84, -0.73, -1.00, 0.11, 0.88, 18.53, -7.63, -15.62, 73.79, 18.55, 0.89, 0.13, -147.93, -721.19, -1281.85, 0.00, 63827, 1301028028.1, 
8.82, -0.64, -0.56, 7.98, 5.70, 7.43, -7.39, -16.24, 74.40, 7.54, 5.60, 8.08, -123.37, -226.01, -1474.22, 0.00, 64156, 1301028028.3, 
8.72, -0.67, 0.08, -6.22, -6.21, 15.83, -7.39, -15.56, 74.71, 15.80, -6.14, -6.32, -189.59, -767.23, -197.28, 0.00, 64791, 1301028028.5, 
8.34, -0.67, -0.43, 4.38, 9.05, -18.17, -7.45, -15.87, 74.95, -18.14, 9.04, 4.46, 214.80, -323.00, -712.76, 0.00, 65110, 1301028028.7, 
8.51, -0.67, -0.99, -2.47, -3.30, -7.35, -7.81, -16.36, 74.28, -7.37, -3.28, -2.52, -366.26, 307.30, -480.76, 0.00, 65372, 1301028028.91, 
8.38, -0.38, -0.63, 3.54, 4.02, -19.43, -7.87, -15.14, 74.65, -19.42, 4.00, 3.59, 68.57, 134.48, -187.35, 0.00, 395, 1301028029.11, 
8.42, -0.68, -0.87, 6.81, -7.57, 25.96, -7.32, -16.48, 73.79, 26.04, -7.72, 6.67, -285.08, -161.61, -972.20, 0.00, 64568, 1301028029.31, 
8.58, -0.54, -0.93, -2.77, 9.23, 17.51, -7.14, -15.75, 74.34, 17.50, 9.30, -2.63, -88.55, -600.60, -963.87, 0.00, 64336, 1301028029.51, 
8.26, -0.29, -0.13, 0.11, 3.82, -3.94, -7.81, -16.54, 74.65, -3.95, 3.82, 0.16, 43.15, -532.14, -139.18, 0.00, 65311, 1301028029.72, 
8.17, -0.35, -0.40, -4.53, 5.09, 12.77, -7.51, -15.81, 74.65, 12.74, 5.18, -4.46, 171.86, -512.91, -1154.21, 0.00, 64471, 1301028029.92, 
8.12, -0.67, -0.91, -2.20, 3.23, -8.12, -7.39, -16.48, 74.65, 11.51, -4.37, 4.66, 24.46, -403.11, -1542.69, 0.00, 64021, 1301028030.12, 
8.15, -0.16, -0.59, 2.02, -2.79, 15.72, -7.75, -16.66, 74.52, 15.75, -2.83, 1.99, -138.54, -24.35, -1067.59, 0.00, 64738, 1301028030.32, 
7.94, 0.21, -0.83, 3.64, 4.44, -28.80, -6.41, -16.30, 75.20, -28.83, 4.46, 3.64, 168.44, 789.98, -612.57, 0.00, 708, 1301028030.52, 
7.64, -0.01, 0.04, 1.94, -4.70, 1.54, -7.69, -15.81, 74.40, 1.56, -4.73, 1.90, 354.19, -516.01, -889.10, 0.00, 64885, 1301028030.73, 
7.48, -0.16, -0.10, -9.45, 14.80, -37.57, -7.51, -15.62, 74.65, -37.65, 14.82, -9.48, 55.11, 396.59, -203.26, 0.00, 585, 1301028030.93, 
7.64, -0.87, -0.23, -4.82, 0.73, 29.69, -7.08, -15.75, 74.95, 29.68, 0.83, -4.82, -334.43, -757.19, -641.30, 0.00, 64256, 1301028031.13, 
7.90, -0.46, -0.42, -10.20, -3.64, 8.76, -7.51, -15.69, 74.52, 8.66, -3.57, -10.26, 132.13, -29.69, -469.33, 0.00, 24, 1301028031.33, 
8.33, -0.34, -0.79, 1.02, 5.41, 1.04, -7.08, -15.56, 75.13, 1.05, 5.42, 1.09, -167.16, 182.43, -1019.63, 0.00, 64953, 1301028031.54, 
8.06, -0.46, -0.82, 0.48, 2.38, 8.82, -7.45, -16.11, 74.46, 8.84, 2.37, 0.53, -22.64, -1027.53, -1042.70, 0.00, 63869, 1301028031.74, 
8.03, -0.53, -0.77, 4.74, -11.63, 22.87, -7.45, -16.54, 74.52, 22.92, -11.72, 4.57, -270.55, -65.90, -1200.99, 0.00, 64433, 1301028031.94, 
7.94, -0.35, -0.34, -2.72, 7.72, -0.40, -7.51, -16.05, 74.77, -0.43, 7.76, -2.66, -5.23, -109.38, -1571.63, 0.00, 64260, 1301028032.14, 
7.82, -0.33, -0.76, 6.94, 7.83, -10.60, -8.18, -16.97, 74.46, 17.52, -11.11, -4.55, -51.16, 8.87, -892.20, 0.00, 65006, 1301028032.35, 
8.05, -0.59, -0.14, -4.99, 12.88, -9.87, -8.18, -16.42, 73.85, -9.97, 12.96, -4.86, 65.16, -488.77, -829.07, 0.00, 64681, 1301028032.55, 
8.02, 0.01, 0.04, -5.75, 11.22, 5.92, -8.67, -15.93, 74.10, 5.93, 11.31, -5.62, 37.60, -725.79, -1011.62, 0.00, 64264, 1301028032.75, 
8.05, 0.09, -1.03, 1.40, -5.11, -14.76, -8.06, -15.56, 73.85, -14.79, -5.13, 1.36, -114.40, 461.21, -310.50, 0.00, 400, 1301028032.95, 
7.48, -0.01, -0.04, -4.86, 2.76, -15.33, -7.69, -15.50, 73.79, -15.35, 2.77, -4.87, -278.57, 442.52, -1448.26, 0.00, 64618, 1301028033.16, 
7.58, -0.18, -0.14, -4.63, 0.37, 18.05, -7.57, -15.14, 74.22, 18.07, 0.45, -4.64, -113.11, -702.08, -767.34, 0.00, 64384, 1301028033.36, 
7.59, -0.53, -0.26, -3.34, -0.56, 17.14, -8.00, -15.87, 73.73, 17.14, -0.51, -3.35, -205.51, -691.07, -1124.52, 0.00, 63943, 1301028033.56, 
7.66, 0.20, -0.49, 1.55, 6.41, -1.58, -7.93, -15.93, 73.61, -25.04, 19.75, -1.05, -151.14, 510.56, -299.61, 0.00, 460, 1301028033.77, 
7.40, 0.73, -0.14, -2.03, 16.23, -38.64, -8.73, -16.24, 74.04, -38.67, 16.25, -2.03, 58.43, 135.54, -353.33, 0.00, 192, 1301028033.96, 
7.03, 0.03, -1.12, 0.84, 2.77, -11.87, -7.87, -16.24, 74.16, -11.89, 2.77, 0.87, -243.10, 588.11, -358.46, 0.00, 370, 1301028034.16, 
7.22, 0.08, -0.57, 1.41, -1.37, -5.73, -9.28, -15.99, 73.49, -5.74, -1.40, 1.41, -85.77, 132.77, -1414.19, 0.00, 64558, 1301028034.42, 
7.13, 0.19, -0.46, -0.93, 15.46, -19.40, -8.00, -15.99, 74.04, -19.42, 15.49, -0.83, 176.56, 320.86, -107.99, 0.00, 783, 1301028034.57, 
6.77, 0.67, -1.20, 2.60, -4.24, -8.29, -7.32, -16.30, 73.36, -8.34, -4.28, 2.55, 111.94, 555.42, -1197.36, 0.00, 65384, 1301028034.77, 
7.14, 0.00, -0.67, 7.73, 11.25, -31.39, -8.73, -16.85, 73.67, -31.40, 11.23, 7.79, 146.44, 326.63, -396.06, 0.00, 451, 1301028035.03, 
7.58, 0.42, -0.19, 6.73, 2.28, -22.92, -9.70, -15.93, 74.28, -22.98, 2.30, 6.74, 198.67, 166.41, -216.40, 0.00, 522, 1301028035.18, 
7.81, 0.63, -0.80, -1.30, -9.31, -1.18, -9.52, -17.15, 73.97, -1.18, -9.31, -1.45, 157.23, -11.54, -252.50, 0.00, 266, 1301028035.38, 
8.04, 1.57, -1.08, -1.28, -9.82, 27.07, -10.38, -17.58, 73.67, 27.14, -9.80, -1.49, -33.65, -33.43, -673.77, 0.00, 65227, 1301028035.63, 
7.55, 1.81, -1.26, 1.25, 7.36, -22.19, -9.70, -17.52, 73.06, -22.27, 7.36, 1.34, -77.87, 569.20, -1302.57, 0.00, 65097, 1301028035.78, 
6.02, -0.46, -0.27, 4.83, -3.28, 1.11, -6.65, -16.54, 72.81, -12.94, 23.36, 8.90, -449.57, 1.92, -545.28, 0.00, 64964, 1301028035.99, 
6.78, -0.67, -0.93, -0.40, -2.10, -0.62, -6.35, -16.85, 73.18, -0.63, -2.10, -0.43, 147.61, -16.66, -508.43, 0.00, 15, 1301028036.23, 
7.11, -1.57, -1.31, 2.14, 2.09, 0.10, -6.90, -16.42, 73.36, 0.16, 2.05, 2.19, -66.86, 64.09, -659.35, 0.00, 65285, 1301028036.39, 
7.20, -1.25, -1.33, 1.36, 1.18, -1.39, -6.59, -16.72, 72.69, -1.36, 1.16, 1.40, -33.11, 0.32, -617.80, 0.00, 65287, 1301028036.59, 
7.53, -1.29, -1.16, -0.87, -0.44, 0.45, -6.96, -16.66, 72.94, 0.43, -0.43, -0.89, -115.14, -13.24, -640.55, 0.00, 65164, 1301028036.83, 
7.60, -1.27, -1.11, 0.77, 0.89, -0.52, -6.71, -16.05, 73.18, -0.51, 0.89, 0.80, -50.20, 8.01, -621.43, 0.00, 65273, 1301028036.99, 
7.80, -1.30, -1.10, 0.08, -0.18, -0.65, -6.65, -17.39, 73.18, -0.65, -0.18, 0.09, -62.59, -2.99, -617.91, 0.00, 65251, 1301028037.2, 
7.95, -1.25, -1.08, -0.62, 0.19, -0.51, -6.41, -17.33, 74.04, -0.53, 0.22, -0.62, -58.53, 7.16, -617.80, 0.00, 65266, 1301028037.44, 
8.04, -1.25, -1.04, -0.40, -0.27, -0.47, -6.53, -16.54, 73.43, -0.49, -0.27, -0.42, -59.07, 3.95, -615.24, 0.00, 65262, 1301028037.6, 
8.07, -1.23, -1.05, -0.26, 0.44, -0.78, -6.04, -16.17, 73.18, -0.80, 0.45, -0.25, -55.86, 0.85, -615.66, 0.00, 65265, 1301028037.8, 
8.09, -1.22, -1.04, -0.98, 0.07, -0.71, -6.90, -16.78, 73.97, -0.74, 0.09, -0.98, -55.01, 2.35, -614.81, 0.00, 65268, 1301028038.04, 
8.12, -1.22, -1.03, -1.06, -0.03, -0.82, -6.23, -16.60, 73.06, -0.91, 0.11, -0.76, -58.00, -2.56, -618.66, 0.00, 65255, 1301028038.21, 
8.09, -1.23, -1.02, -0.32, 0.03, -0.85, -6.10, -16.54, 73.06, -0.87, 0.04, -0.33, -55.11, 1.82, -614.81, 0.00, 65267, 1301028038.41, 
8.10, -1.24, -1.03, -0.12, -0.08, -0.78, -6.47, -16.85, 73.30, -0.80, -0.09, -0.13, -58.21, 0.43, -617.16, 0.00, 65258, 1301028038.64, 
8.15, -1.21, -1.04, 0.33, 0.62, -0.45, -6.59, -16.72, 72.51, -0.45, 0.62, 0.34, -57.14, 0.21, -611.82, 0.00, 65268, 1301028038.82, 
8.13, -1.22, -1.04, -0.07, -0.80, -1.24, -6.04, -16.42, 73.18, -1.25, -0.80, -0.09, -58.53, 1.82, -615.98, 0.00, 65259, 1301028039.02, 
8.16, -1.20, -1.04, 0.29, 0.62, -0.54, -6.47, -16.42, 73.18, -0.54, 0.62, 0.31, -56.82, 4.49, -618.76, 0.00, 65267, 1301028039.24, 
8.15, -1.21, -1.04, -0.12, 0.55, -0.21, -6.35, -16.48, 73.00, -0.22, 0.56, -0.13, -56.40, 0.53, -609.79, 0.00, 65269, 1301028039.42, 
8.23, -1.21, -1.03, 0.07, 0.77, -0.18, -6.47, -16.30, 73.49, -0.05, 0.36, -0.38, -56.93, 2.88, -611.71, 0.00, 65271, 1301028039.63, 
8.11, -1.23, -1.04, -0.51, 0.16, -1.18, -6.35, -16.54, 73.24, -1.20, 0.18, -0.51, -69.32, 13.46, -627.84, 0.00, 65250, 1301028039.86, 
8.07, -1.22, -1.02, -0.30, -0.16, -0.54, -6.29, -16.78, 73.43, -0.54, -0.16, -0.31, -56.82, 3.85, -615.24, 0.00, 65265, 1301028040.03, 
8.15, -1.22, -1.03, -0.21, -0.30, -0.85, -6.53, -16.97, 73.12, -0.87, -0.31, -0.22, -54.58, 3.95, -612.89, 0.00, 65270, 1301028040.23, 
8.21, -1.20, -1.04, -0.49, -0.10, -0.58, -6.04, -16.91, 73.43, -0.60, -0.09, -0.51, -56.72, 6.20, -621.97, 0.00, 65262, 1301028040.46, 
8.17, -1.21, -1.03, -0.70, 0.23, -0.71, -7.02, -16.91, 72.94, -0.74, 0.25, -0.71, -56.08, 2.14, -615.02, 0.00, 65264, 1301028040.63, 
8.23, -1.22, -1.03, -0.36, -0.65, -0.98, -6.84, -16.66, 73.36, -1.00, -0.65, -0.38, -56.82, 2.14, -614.92, 0.00, 65265, 1301028040.83, 
8.26, -1.24, -1.03, -0.73, -0.54, -0.30, -6.84, -16.36, 73.00, -0.33, -0.53, -0.74, -63.98, 7.58, -623.68, 0.00, 65253, 1301028041.06, 
8.23, -1.23, -1.03, 0.19, 0.14, -0.99, -6.16, -17.27, 73.00, -1.00, 0.14, 0.20, -55.65, 2.24, -612.78, 0.00, 65270, 1301028041.23, 
8.37, -1.24, -1.02, -0.18, 0.38, -0.89, -6.29, -16.24, 73.18, -0.91, 0.40, -0.18, -55.86, 2.14, -616.20, 0.00, 65266, 1301028041.44, 
8.38, -1.21, -1.04, 0.19, 0.18, -0.69, -7.02, -16.24, 72.39, -0.69, 0.18, 0.20, -64.73, 8.44, -626.03, 0.00, 65253, 1301028041.66, 
8.26, -1.22, -1.02, -0.85, 0.03, -0.58, -6.77, -16.17, 72.88, -0.60, 0.05, -0.85, -57.46, 2.03, -616.31, 0.00, 65263, 1301028041.84, 
8.23, -1.21, -1.02, -0.15, 0.41, -0.91, -6.90, -16.24, 73.36, -0.92, 0.42, -0.14, -58.43, 0.96, -612.25, 0.00, 65265, 1301028042.05, 
8.15, -1.22, -1.04, -0.78, -0.45, -0.88, -6.23, -17.27, 73.55, -0.91, -0.45, -0.80, -63.34, 8.54, -619.51, 0.00, 65258, 1301028042.26, 
8.14, -1.23, -1.01, -0.05, -0.34, -0.41, -6.77, -16.54, 73.12, -0.72, -0.53, -0.60, -56.61, 3.63, -615.88, 0.00, 65265, 1301028042.45, 
8.26, -1.24, -1.03, -0.19, -0.29, -0.44, -6.47, -16.36, 72.27, -0.45, -0.29, -0.20, -56.40, 4.38, -615.98, 0.00, 65265, 1301028042.65, 
8.18, -1.24, -1.03, -0.43, -0.05, -1.19, -6.90, -16.60, 71.90, -1.21, -0.05, -0.43, -56.50, 4.81, -611.93, 0.00, 65266, 1301028042.88, 
8.18, -1.24, -1.03, -0.45, 0.34, -0.66, -6.65, -16.42, 73.18, -0.67, 0.36, -0.45, -58.43, 1.60, -613.42, 0.00, 65265, 1301028043.06, 
8.33, -1.24, -1.02, -0.71, -0.11, -0.56, -6.59, -16.97, 72.81, -0.58, -0.11, -0.72, -55.97, 2.88, -614.17, 0.00, 65265, 1301028043.26, 
8.33, -1.22, -1.02, -0.56, 1.37, -0.38, -6.35, -16.78, 73.30, -0.40, 1.40, -0.54, -57.14, 3.10, -616.84, 0.00, 65267, 1301028043.47, 
8.42, -1.23, -1.00, 0.44, -0.40, -0.62, -6.65, -16.30, 73.18, -0.62, -0.42, 0.43, -56.82, 2.03, -612.78, 0.00, 65270, 1301028043.66, 
8.38, -1.25, -0.99, -0.65, -0.62, -0.63, -6.35, -16.42, 72.81, -0.65, -0.62, -0.67, -57.79, 2.56, -610.86, 0.00, 65268, 1301028043.87, 
8.46, -1.26, -1.00, -0.34, -0.70, -0.26, -6.35, -16.48, 73.00, -0.27, -0.71, -0.36, -55.54, 2.46, -617.37, 0.00, 65263, 1301028044.07, 
8.40, -1.25, -1.01, 0.18, 0.03, -0.58, -6.77, -16.54, 73.43, -0.58, 0.04, 0.18, -55.76, -0.32, -613.63, 0.00, 65268, 1301028044.27, 
8.44, -1.24, -1.00, -0.19, 0.76, -0.91, -6.35, -16.42, 72.81, -0.92, 0.76, -0.18, -56.61, 2.03, -614.70, 0.00, 65267, 1301028044.47, 
8.40, -1.23, -1.02, 0.01, -0.34, -0.92, -5.86, -16.85, 72.75, -0.67, 0.18, 0.18, -59.60, 5.13, -621.00, 0.00, 65261, 1301028044.68, 
8.32, -1.22, -1.02, -0.22, 0.38, -1.18, -6.53, -16.30, 72.94, -1.20, 0.40, -0.22, -56.08, 1.50, -612.99, 0.00, 65265, 1301028044.87, 
8.38, -1.22, -1.03, -0.15, 0.52, -0.89, -6.29, -17.03, 73.00, -0.91, 0.53, -0.14, -56.93, 1.92, -612.14, 0.00, 65266, 1301028045.08, 
8.40, -1.23, -1.02, -0.51, -0.58, -0.81, -5.92, -16.48, 72.45, -0.83, -0.58, -0.53, -57.68, 3.20, -615.34, 0.00, 65264, 1301028045.29, 
8.34, -1.24, -1.01, -0.36, -0.01, -0.80, -5.92, -16.66, 73.24, -0.82, -0.02, -0.36, -56.50, 2.35, -612.25, 0.00, 65268, 1301028045.48, 
8.39, -1.23, -1.02, -0.59, -0.15, -0.88, -6.41, -16.48, 73.12, -0.91, -0.14, -0.60, -57.04, 0.64, -618.33, 0.00, 65258, 1301028045.68, 
8.33, -1.23, -1.02, -0.22, -0.45, -1.11, -6.90, -16.48, 72.75, -1.12, -0.45, -0.24, -55.76, 2.99, -618.12, 0.00, 65259, 1301028045.9, 
8.36, -1.23, -1.02, -0.80, -0.95, -0.81, -6.41, -17.09, 73.36, -0.51, -0.34, -0.96, -57.36, 3.74, -612.25, 0.00, 65266, 1301028046.09, 
8.39, -1.25, -1.02, -0.44, 0.00, -0.23, -6.29, -16.60, 72.69, -0.25, 0.02, -0.45, -54.37, 3.63, -612.89, 0.00, 65271, 1301028046.29, 
8.46, -1.26, -1.02, -0.54, -0.18, -1.03, -5.68, -17.39, 72.63, -1.05, -0.18, -0.54, -67.40, 11.32, -624.42, 0.00, 65250, 1301028046.49, 
8.35, -1.26, -1.02, -0.87, 0.18, -0.71, -6.65, -16.72, 73.12, -0.74, 0.20, -0.87, -57.04, 2.35, -612.99, 0.00, 65268, 1301028046.7, 
8.33, -1.25, -1.03, -0.44, 0.00, -0.62, -6.71, -16.97, 72.75, -0.63, 0.00, -0.45, -57.36, 2.56, -614.92, 0.00, 65265, 1301028046.9, 
8.27, -1.23, -1.04, -0.16, -0.16, -1.29, -6.23, -18.01, 73.43, -1.30, -0.16, -0.18, -56.93, 0.53, -611.82, 0.00, 65262, 1301028047.1, 
8.32, -1.22, -1.04, -0.56, -0.77, -0.65, -6.77, -16.78, 73.00, -0.67, -0.76, -0.58, -57.89, 2.67, -612.67, 0.00, 65265, 1301028047.3, 
8.39, -1.23, -1.03, -0.32, -0.16, -1.29, -6.41, -16.54, 73.06, -1.30, -0.16, -0.33, -55.97, 2.99, -616.09, 0.00, 65262, 1301028047.51, 
8.45, -1.24, -1.04, -0.41, -0.22, -0.37, -6.90, -17.03, 71.84, -0.38, -0.22, -0.42, -53.41, 1.60, -615.34, 0.00, 65263, 1301028047.71, 
8.38, -1.22, -1.03, -0.82, 0.70, -0.49, -6.53, -16.91, 73.18, -0.53, 0.72, -0.82, -58.00, 3.20, -612.67, 0.00, 65269, 1301028047.91, 
8.24, -1.24, -1.02, -0.25, 0.04, -0.71, -6.65, -17.09, 73.12, -0.72, 0.05, -0.25, -56.40, 0.96, -615.66, 0.00, 65263, 1301028048.11, 
8.23, -1.24, -1.02, -0.87, 0.25, -0.48, -6.35, -17.46, 73.12, -0.45, 0.11, -0.76, -58.00, 1.39, -612.14, 0.00, 65266, 1301028048.31, 
8.32, -1.22, -1.02, -0.32, -0.07, -0.85, -6.41, -15.81, 72.69, -0.87, -0.07, -0.33, -56.50, 2.24, -612.89, 0.00, 65267, 1301028048.51, 
8.29, -1.21, -1.04, -0.69, 0.18, -0.63, -6.47, -16.30, 72.88, -0.65, 0.20, -0.69, -54.58, 4.38, -615.77, 0.00, 65269, 1301028048.72, 
8.26, -1.23, -1.04, -0.87, 0.08, -0.93, -6.23, -16.85, 73.49, -0.96, 0.11, -0.87, -53.94, 2.24, -613.42, 0.00, 65271, 1301028048.91, 
8.23, -1.22, -1.03, -0.58, 0.11, -0.52, -6.77, -16.66, 73.12, -0.54, 0.13, -0.58, -56.08, 2.99, -615.77, 0.00, 65266, 1301028049.12, 
8.29, -1.22, -1.04, -0.51, 0.44, -0.73, -6.10, -16.60, 72.94, -0.74, 0.45, -0.51, -55.86, 2.78, -615.56, 0.00, 65266, 1301028049.32, 
8.33, -1.22, -1.04, -0.67, -0.25, -0.45, -6.71, -16.60, 73.24, -0.47, -0.24, -0.69, -56.40, 1.28, -613.63, 0.00, 65265, 1301028049.53, 
8.28, -1.23, -1.03, -0.18, -0.01, -1.39, -6.16, -16.72, 73.43, -0.62, 0.18, -0.16, -56.18, 2.67, -614.06, 0.00, 65265, 1301028049.73, 
8.24, -1.24, -1.04, -0.56, -0.51, -0.51, -6.29, -15.99, 72.57, -0.53, -0.51, -0.58, -56.72, 3.85, -613.42, 0.00, 65267, 1301028049.93, 
8.24, -1.24, -1.07, -0.48, 0.00, -0.96, -6.10, -16.60, 73.49, -0.98, 0.00, -0.49, -57.36, 4.17, -614.70, 0.00, 65268, 1301028050.13, 
8.12, -1.22, -1.03, -0.54, -0.11, -0.58, -6.41, -16.42, 73.61, -0.60, -0.11, -0.54, -54.58, 1.07, -613.42, 0.00, 65267, 1301028050.34, 
8.15, -1.20, -1.03, -0.10, 0.49, -0.77, -6.41, -17.09, 73.49, -0.78, 0.51, -0.09, -56.40, 2.35, -613.85, 0.00, 65267, 1301028050.53, 
8.07, -1.23, -1.03, 0.05, -0.36, -0.29, -6.53, -16.97, 73.30, -0.29, -0.36, 0.05, -56.50, 3.31, -612.03, 0.00, 65270, 1301028050.74, 
8.12, -1.23, -1.02, -0.45, 0.12, -0.32, -6.41, -16.36, 72.69, -0.33, 0.14, -0.45, -56.08, 0.64, -615.34, 0.00, 65263, 1301028050.94, 
8.14, -1.24, -1.03, -0.71, -0.15, -0.21, -6.65, -16.97, 73.00, -0.38, 0.65, -0.67, -57.68, 2.14, -615.02, 0.00, 65263, 1301028051.14, 
8.24, -1.22, -1.03, -0.73, -0.04, -0.81, -6.41, -17.09, 73.43, -0.83, -0.04, -0.74, -58.64, 0.85, -615.88, 0.00, 65259, 1301028051.35, 
8.21, -1.23, -1.04, -0.77, -0.37, -0.59, -6.84, -16.85, 73.30, -0.62, -0.36, -0.78, -55.22, 2.99, -615.02, 0.00, 65265, 1301028051.55, 
8.28, -1.23, -1.04, -0.49, 0.01, -0.58, -6.65, -16.78, 73.18, -0.60, 0.04, -0.51, -57.57, 2.35, -614.49, 0.00, 65266, 1301028051.75, 
8.23, -1.25, -1.02, -0.71, 0.14, -0.88, -6.35, -16.66, 73.43, -0.92, -0.20, -0.51, -57.68, 2.99, -616.09, 0.00, 65263, 1301028051.95, 
8.16, -1.24, -1.02, -0.22, 0.38, -0.38, -6.35, -16.48, 73.49, -0.40, 0.40, -0.22, -56.08, 1.60, -614.49, 0.00, 65266, 1301028052.15, 
8.18, -1.23, -1.04, -0.30, -0.04, -0.89, -6.84, -16.36, 72.88, -0.91, -0.04, -0.31, -57.68, 1.28, -614.60, 0.00, 65262, 1301028052.36, 
8.27, -1.24, -1.04, 0.19, 0.01, -0.37, -6.84, -16.54, 73.30, -0.38, 0.02, 0.20, -58.11, 3.10, -612.89, 0.00, 65270, 1301028052.56, 
8.20, -1.24, -1.05, -0.91, -0.32, -0.58, -6.41, -16.85, 73.49, -0.60, -0.31, -0.92, -56.50, 3.63, -614.81, 0.00, 65266, 1301028052.76, 
8.13, -1.26, -1.05, -0.66, 0.05, -0.71, -6.23, -16.72, 73.73, -0.74, 0.07, -0.67, -56.08, 2.35, -610.86, 0.00, 65271, 1301028052.96, 
8.15, -1.24, -1.08, 0.03, 0.37, -0.93, -6.23, -16.30, 73.24, -0.94, 0.38, 0.04, -56.82, 2.78, -612.25, 0.00, 65271, 1301028053.17, 
8.18, -1.23, -1.05, -0.47, 0.18, -0.85, -6.41, -16.48, 72.94, -0.87, 0.20, -0.47, -58.32, 2.03, -612.99, 0.00, 65266, 1301028053.42, 
8.29, -1.22, -1.04, -0.88, -0.14, -0.43, -6.84, -16.54, 73.18, -0.45, -0.13, -0.89, -55.54, 3.95, -611.18, 0.00, 65270, 1301028053.57, 
8.23, -1.24, -1.03, -0.34, -0.52, -0.23, -6.35, -16.72, 73.36, -0.25, -0.53, -0.36, -57.46, 3.10, -612.89, 0.00, 65267, 1301028053.77, 
8.15, -1.24, -1.03, -0.62, -0.11, -1.08, -6.90, -17.58, 73.18, -1.11, -0.11, -0.63, -56.29, 1.28, -609.36, 0.00, 65266, 1301028054.03, 
8.18, -1.20, -1.03, -0.12, -0.11, -1.52, -6.41, -16.85, 73.85, -1.54, -0.11, -0.13, -57.46, 1.71, -613.42, 0.00, 65262, 1301028054.17, 
8.16, -1.22, -1.05, -1.04, 0.03, -0.65, -6.53, -16.78, 73.36, -0.67, 0.05, -1.05, -56.72, 4.59, -614.60, 0.00, 65267, 1301028054.38, 
8.16, -1.22, -1.05, -0.08, -0.11, -0.78, -5.98, -15.93, 73.12, -0.80, -0.11, -0.09, -52.87, 1.60, -615.13, 0.00, 65269, 1301028054.62, 
8.22, -1.22, -1.05, 0.23, -0.11, 0.00, -6.47, -16.85, 73.24, 0.02, -0.13, 0.24, -56.08, 3.74, -613.10, 0.00, 65271, 1301028054.78, 
8.36, -1.22, -1.03, -0.63, 0.00, -0.67, -6.10, -17.03, 73.36, -0.69, 0.00, -0.63, -57.25, 2.78, -614.28, 0.00, 65265, 1301028054.98, 
8.28, -1.22, -1.05, -0.14, -0.25, -0.47, -5.92, -15.50, 73.12, -0.47, -0.25, -0.14, -55.97, 4.49, -612.89, 0.00, 65272, 1301028055.24, 
8.26, -1.22, -1.05, -1.26, 0.03, -0.85, -6.65, -16.42, 72.75, -0.89, 0.05, -1.27, -56.72, 3.31, -615.66, 0.00, 65264, 1301028055.39, 
8.32, -1.23, -1.04, -0.16, 0.14, -0.27, -6.16, -16.85, 73.61, -0.82, -0.80, 0.07, -57.46, 0.21, -612.78, 0.00, 65266, 1301028055.59, 
8.20, -1.24, -1.04, -0.45, -0.23, -1.30, -6.77, -16.72, 73.43, -1.32, -0.24, -0.47, -56.82, 4.81, -616.95, 0.00, 65263, 1301028055.84, 
8.25, -1.24, -1.04, -0.03, -0.25, -1.06, -5.98, -16.66, 73.49, -1.07, -0.25, -0.04, -55.33, 2.35, -612.99, 0.00, 65267, 1301028056.0, 
8.33, -1.24, -1.04, -0.05, -0.54, -0.21, -6.29, -16.66, 73.67, -0.22, -0.54, -0.07, -58.00, 2.78, -612.89, 0.00, 65266, 1301028056.2, 
8.31, -1.23, -1.03, -0.40, 0.51, -0.49, -6.90, -16.05, 72.88, -0.51, 0.53, -0.40, -58.00, 1.82, -616.31, 0.00, 65262, 1301028056.44, 
8.25, -1.21, -1.04, 0.03, 0.03, -0.58, -6.23, -16.66, 73.00, -0.58, 0.04, 0.04, -57.14, 2.67, -615.98, 0.00, 65266, 1301028056.6, 
8.22, -1.21, -1.04, -0.08, 0.92, -0.26, -6.35, -16.24, 73.24, -0.27, 0.92, -0.07, -54.58, 3.10, -620.04, 0.00, 65264, 1301028056.81, 
8.16, -1.22, -1.03, -0.66, -0.51, -0.54, -6.53, -16.85, 73.73, -0.56, -0.51, -0.67, -58.96, 0.00, -613.63, 0.00, 65262, 1301028057.04, 
8.25, -1.24, -1.03, -0.91, 0.15, -0.54, -6.35, -16.78, 73.18, -0.56, 0.18, -0.91, -56.29, 2.35, -612.46, 0.00, 65269, 1301028057.21, 
8.34, -1.24, -1.02, -0.27, 0.16, -0.73, -6.41, -16.42, 73.49, -0.74, 0.18, -0.27, -58.64, 1.39, -612.99, 0.00, 65266, 1301028057.41, 
8.27, -1.24, -1.02, -0.23, 0.27, -0.89, -6.77, -16.78, 73.61, -0.91, 0.29, -0.24, -57.79, 4.06, -613.63, 0.00, 65269, 1301028057.65, 
8.27, -1.24, -1.03, -0.08, 0.00, -0.49, -5.98, -16.36, 73.24, -0.92, 0.27, -0.54, -56.18, 1.71, -610.86, 0.00, 65271, 1301028057.82, 
8.42, -1.23, -1.05, -0.22, 0.48, -0.32, -6.71, -16.91, 73.49, -0.33, 0.49, -0.22, -58.21, 2.67, -612.78, 0.00, 65267, 1301028058.02, 
8.46, -1.23, -1.03, -0.60, -0.23, -0.47, -6.65, -16.66, 73.67, -0.49, -0.24, -0.62, -58.00, 2.67, -612.03, 0.00, 65266, 1301028058.25, 
8.47, -1.24, -1.01, 0.08, -0.19, -0.58, -6.59, -16.60, 73.43, -0.58, -0.20, 0.09, -57.89, 2.67, -614.81, 0.00, 65266, 1301028058.42, 
8.42, -1.23, -1.02, -0.54, -0.38, -0.98, -6.41, -16.91, 73.06, -1.00, -0.38, -0.54, -56.93, 1.60, -614.81, 0.00, 65264, 1301028058.63, 
8.56, -1.37, -0.97, -1.48, 0.45, -0.44, -6.35, -17.39, 73.06, -0.49, 0.49, -1.49, -60.88, 3.63, -616.31, 0.00, 65260, 1301028058.85, 
8.59, -1.38, -1.09, -1.91, 0.48, -0.18, -6.47, -16.85, 73.55, -0.24, 0.53, -1.90, -43.79, -0.21, -611.50, 0.00, 65278, 1301028059.03, 
8.42, -1.32, -1.12, -1.36, 0.52, -0.73, -6.23, -16.42, 73.18, -0.18, 1.01, -1.11, -50.95, -8.65, -610.96, 0.00, 65265, 1301028059.23, 
8.53, -1.21, -1.04, 0.08, 0.36, -1.11, -6.77, -16.11, 73.30, -1.12, 0.36, 0.09, -65.16, -4.91, -609.04, 0.00, 65256, 1301028059.45, 
8.42, -1.15, -1.01, 1.10, -0.01, -0.80, -6.53, -17.09, 73.67, -0.78, -0.04, 1.11, -60.03, 1.82, -615.34, 0.00, 65262, 1301028059.64, 
8.48, -1.21, -1.00, 0.43, 0.27, -1.02, -6.35, -16.36, 73.61, -1.01, 0.27, 0.43, -67.18, -0.53, -608.94, 0.00, 65260, 1301028059.84, 
8.44, -1.26, -1.03, -1.46, 0.56, -0.70, -7.32, -16.05, 73.55, -0.74, 0.60, -1.45, -41.02, 18.26, -629.55, 0.00, 65280, 1301028060.06, 
8.36, -1.15, -1.05, -0.88, -0.10, -1.29, -6.77, -16.60, 73.00, -1.32, -0.09, -0.89, -45.18, 9.83, -611.93, 0.00, 65283, 1301028060.25, 
8.35, -1.18, -1.04, -0.67, -0.08, -0.41, -6.71, -16.54, 73.18, -0.43, -0.07, -0.69, -47.42, 14.95, -609.04, 0.00, 65291, 1301028060.44, 
8.36, -1.20, -1.02, -0.65, -0.29, -0.52, -6.96, -16.30, 73.00, -0.54, -0.29, -0.65, -50.63, 11.64, -619.51, 0.00, 65274, 1301028060.67, 
8.39, -1.24, -1.00, -1.07, 0.26, -0.60, -6.29, -16.66, 73.55, -0.63, 0.29, -1.07, -50.20, 3.31, -616.20, 0.00, 65271, 1301028060.85, 
8.38, -1.20, -0.96, -0.30, 0.38, -0.71, -6.23, -16.60, 73.49, -0.72, 0.40, -0.31, -49.67, 0.64, -612.35, 0.00, 65275, 1301028061.05, 
8.46, -1.24, -1.01, -1.13, 0.54, -0.84, -6.90, -16.30, 72.57, -0.87, 0.56, -1.12, -60.24, 7.26, -626.88, 0.00, 65253, 1301028061.26, 
8.42, -1.22, -1.00, -0.48, -0.40, -0.69, -6.35, -16.54, 73.24, -0.80, 0.56, -0.71, -57.68, 0.00, -611.82, 0.00, 65267, 1301028061.46, 
8.43, -1.25, -1.04, -0.82, 0.05, -0.32, -6.41, -17.03, 73.55, -0.34, 0.07, -0.83, -56.50, 4.70, -608.19, 0.00, 65274, 1301028061.66, 
8.38, -1.30, -1.03, -1.32, 0.38, -0.92, -6.53, -16.60, 73.36, -0.96, 0.42, -1.32, -53.30, 5.55, -617.16, 0.00, 65268, 1301028061.87, 
8.39, -1.24, -1.01, -0.43, -0.30, -0.36, -6.41, -16.66, 73.12, -0.38, -0.31, -0.43, -57.57, -2.14, -613.31, 0.00, 65260, 1301028062.06, 
8.28, -1.25, -1.04, -1.15, 0.16, -1.17, -6.47, -16.48, 72.81, -1.20, 0.20, -1.16, -53.94, 7.05, -607.44, 0.00, 65277, 1301028062.27, 
8.32, -1.25, -1.00, -0.58, 0.56, -1.32, -5.37, -16.30, 73.24, -1.34, 0.58, -0.58, -55.54, 4.59, -610.32, 0.00, 65274, 1301028062.47, 
8.27, -1.30, -0.98, -0.95, 0.08, -0.67, -6.47, -16.60, 72.94, -0.71, 0.11, -0.96, -58.11, 3.74, -616.09, 0.00, 65264, 1301028062.67, 
8.26, -1.12, -0.98, 0.37, -0.22, -0.21, -6.10, -16.60, 73.18, -0.20, -0.24, 0.38, -55.65, -7.58, -615.56, 0.00, 65258, 1301028062.88, 
8.28, -1.31, -1.05, -0.11, -0.47, -0.67, -6.47, -16.48, 73.00, -0.69, -0.47, -0.13, -70.18, 1.71, -617.37, 0.00, 65246, 1301028063.07, 
8.32, -1.33, -1.07, -0.63, 0.11, -1.04, -6.16, -16.78, 73.61, -1.07, 0.13, -0.63, -59.81, 2.46, -609.68, 0.00, 65267, 1301028063.28, 
8.23, -1.26, -1.08, -1.15, 0.73, -0.96, -6.41, -16.78, 73.36, -1.00, 0.76, -1.14, -47.32, 2.99, -618.66, 0.00, 65270, 1301028063.48, 
8.27, -1.19, -1.10, -0.27, -0.12, -0.59, -7.51, -16.42, 73.24, -0.71, -0.67, -0.22, -45.29, -9.72, -613.85, 0.00, 65264, 1301028063.69, 
8.31, -1.14, -1.05, 0.43, 0.21, 0.38, -6.77, -16.42, 73.12, 0.40, 0.20, 0.43, -49.03, -1.92, -618.76, 0.00, 65270, 1301028063.88, 
8.25, -1.23, -1.03, -0.14, -0.34, -1.40, -6.35, -16.17, 73.67, -1.41, -0.34, -0.14, -62.81, -0.64, -615.13, 0.00, 65253, 1301028064.09, 
8.20, -1.25, -1.02, -0.48, 0.63, -0.81, -6.23, -16.60, 73.91, -0.83, 0.65, -0.47, -62.16, -7.80, -610.75, 0.00, 65255, 1301028064.29, 
8.24, -1.26, -0.99, -0.52, -0.01, -1.29, -6.41, -16.66, 73.49, -1.30, -0.02, -0.53, -57.25, -2.67, -615.98, 0.00, 65257, 1301028064.5, 
8.21, -1.25, -1.00, -0.59, 0.04, -0.45, -6.47, -16.78, 72.94, -0.47, 0.05, -0.60, -56.18, 5.34, -616.95, 0.00, 65268, 1301028064.69, 
8.26, -1.27, -1.01, -1.61, 0.04, -0.41, -6.10, -16.66, 73.43, -0.45, 0.07, -1.61, -60.03, 7.48, -621.33, 0.00, 65259, 1301028064.9, 
8.22, -1.24, -1.04, -1.04, -0.34, -0.77, -6.53, -16.66, 73.61, -0.40, 0.11, -0.36, -58.11, 3.31, -616.63, 0.00, 65262, 1301028065.1, 
8.20, -1.21, -1.10, -0.03, 0.00, -0.25, -6.23, -17.27, 72.69, -0.25, 0.00, -0.04, -59.17, 3.10, -612.78, 0.00, 65265, 1301028065.3, 
8.09, -1.20, -1.05, -0.54, 0.60, -0.95, -5.92, -16.36, 73.55, -0.96, 0.62, -0.53, -62.70, 6.62, -628.27, 0.00, 65252, 1301028065.5, 
8.14, -1.26, -1.04, -1.17, 0.21, -1.17, -6.47, -16.66, 73.18, -1.20, 0.24, -1.18, -53.94, -5.77, -615.98, 0.00, 65257, 1301028065.71, 
8.21, -1.25, -1.03, -0.91, 0.19, -0.01, -6.84, -16.36, 73.06, -0.04, 0.22, -0.91, -56.18, -5.45, -612.57, 0.00, 65261, 1301028065.91, 
8.23, -1.14, -1.05, -0.36, -0.25, -0.73, -6.41, -16.54, 74.04, -0.74, -0.25, -0.36, -54.69, 0.21, -614.92, 0.00, 65266, 1301028066.11, 
8.23, -1.14, -1.02, 0.69, 0.38, -1.17, -6.47, -16.54, 73.12, -1.16, 0.38, 0.71, -57.79, 4.81, -612.67, 0.00, 65270, 1301028066.31, 
8.24, -1.26, -1.07, -0.65, 0.27, -1.15, -6.35, -16.97, 73.18, -1.18, 0.29, -0.65, -50.31, 1.39, -614.38, 0.00, 65270, 1301028066.52, 
8.16, -1.25, -1.02, -0.44, -0.29, -0.69, -6.41, -16.36, 73.24, -0.71, -0.29, -0.45, -57.57, 5.66, -613.53, 0.00, 65268, 1301028066.71, 
8.24, -1.20, -1.08, 0.22, -0.15, -0.70, -6.29, -16.91, 73.00, -0.71, -0.16, 0.22, -54.15, 7.37, -612.35, 0.00, 65275, 1301028066.92, 
8.28, -1.33, -0.99, -0.63, 0.98, -0.91, -6.29, -16.78, 73.49, -0.92, 1.00, -0.62, -72.74, -6.30, -618.33, 0.00, 65239, 1301028067.12, 
8.44, -1.27, -1.01, -0.27, -0.34, -1.35, -6.41, -16.85, 73.18, -1.07, 0.40, -0.14, -66.76, -1.17, -610.86, 0.00, 65254, 1301028067.32, 
8.37, -1.19, -1.02, 0.93, -0.01, -0.88, -6.29, -17.15, 73.18, -0.87, -0.04, 0.94, -57.68, 1.28, -608.51, 0.00, 65270, 1301028067.52, 
8.33, -1.16, -1.05, 0.77, -0.58, -0.84, -6.47, -16.78, 73.55, -0.83, -0.60, 0.76, -66.97, 8.87, -620.36, 0.00, 65257, 1301028067.73, 
8.34, -1.23, -1.04, 0.12, -0.22, -1.41, -6.53, -16.66, 73.43, -1.41, -0.24, 0.13, -56.50, 8.33, -612.03, 0.00, 65273, 1301028067.93, 
8.50, -1.23, -1.04, -0.19, -0.01, -0.33, -6.84, -16.48, 73.67, -0.34, -0.02, -0.20, -48.60, -3.31, -617.16, 0.00, 65264, 1301028068.13, 
8.57, -1.25, -0.99, 0.04, 0.07, -0.95, -5.98, -17.03, 72.88, -0.96, 0.07, 0.05, -65.37, -14.10, -608.08, 0.00, 65249, 1301028068.33, 
8.60, -1.21, -1.12, 0.80, -0.05, -0.30, -6.59, -16.54, 73.30, -0.29, -0.07, 0.80, -59.71, 8.12, -615.56, 0.00, 65269, 1301028068.53, 
8.57, -1.40, -0.98, -1.37, 0.60, -0.54, -6.53, -16.54, 73.36, -0.80, 0.31, -1.16, -68.25, 2.78, -614.60, 0.00, 65254, 1301028068.74, 
8.50, -1.34, -0.91, -1.30, 0.38, -1.24, -6.59, -16.72, 73.00, -1.27, 0.42, -1.30, -33.86, 10.57, -607.97, 0.00, 65301, 1301028068.94, 
8.37, -1.24, -1.00, -1.28, -0.82, -0.91, -6.10, -16.85, 73.30, -0.94, -0.82, -1.30, -44.43, 0.53, -611.71, 0.00, 65277, 1301028069.14, 
8.29, -1.20, -1.00, -0.74, 0.56, -0.63, -6.53, -16.60, 73.43, -0.65, 0.58, -0.74, -45.40, 4.27, -613.85, 0.00, 65282, 1301028069.34, 
8.31, -1.20, -1.02, -1.15, 0.87, -0.89, -6.41, -16.72, 73.36, -0.92, 0.89, -1.14, -52.02, 2.99, -613.85, 0.00, 65270, 1301028069.54, 
8.23, -1.23, -1.04, -1.00, -0.58, -1.10, -5.92, -16.66, 73.43, -1.12, -0.56, -1.01, -55.54, 2.78, -611.39, 0.00, 65266, 1301028069.74, 
8.26, -1.23, -1.03, -0.51, -0.22, -0.65, -7.02, -16.66, 73.43, -0.67, -0.22, -0.53, -56.82, 3.95, -610.54, 0.00, 65269, 1301028069.95, 
8.26, -1.23, -1.05, -0.51, 0.16, -1.15, -6.65, -16.97, 73.24, -1.18, 0.18, -0.51, -55.01, 3.63, -617.48, 0.00, 65264, 1301028070.15, 
8.28, -1.23, -1.05, -0.10, -0.05, -1.15, -6.47, -16.97, 73.24, -1.16, -0.05, -0.11, -56.93, 3.20, -610.22, 0.00, 65268, 1301028070.35, 
8.36, -1.24, -1.07, -0.03, -0.30, -0.73, -6.10, -16.36, 72.88, -0.74, -0.31, -0.04, -57.68, 2.35, -611.07, 0.00, 65266, 1301028070.56, 
8.39, -1.21, -1.07, 0.05, 0.30, -0.37, -6.59, -16.78, 73.18, -0.38, 0.31, 0.07, -54.47, 4.49, -612.78, 0.00, 65275, 1301028070.76, 
8.35, -1.20, -1.04, -0.70, -0.11, -0.87, -6.47, -17.15, 73.24, -0.89, -0.11, -0.71, -54.47, 0.32, -615.13, 0.00, 65263, 1301028070.96, 
8.29, -1.22, -1.04, -0.37, -0.04, -0.80, -6.35, -16.91, 73.00, -0.82, -0.04, -0.38, -56.82, 1.07, -613.85, 0.00, 65264, 1301028071.16, 
8.28, -1.24, -1.03, -0.44, -0.18, -0.91, -6.59, -16.91, 72.69, -0.92, -0.18, -0.45, -57.68, 3.85, -612.14, 0.00, 65266, 1301028071.37, 
8.32, -1.24, -1.04, -0.63, -0.37, -1.14, -6.35, -16.60, 73.12, -1.16, -0.36, -0.65, -56.72, 1.92, -615.13, 0.00, 65261, 1301028071.57, 
8.29, -1.24, -1.03, -0.49, -0.16, -0.55, -6.53, -16.54, 73.55, -0.56, -0.16, -0.51, -56.18, 2.56, -617.05, 0.00, 65262, 1301028071.82, 
8.27, -1.25, -1.05, -0.43, -0.04, -0.36, -6.47, -16.54, 72.81, -0.38, -0.04, -0.43, -58.85, 3.10, -612.14, 0.00, 65265, 1301028071.97, 
8.34, -1.26, -1.07, -0.18, -0.45, -0.85, -6.35, -16.60, 72.94, -0.87, -0.45, -0.20, -55.01, 2.35, -614.70, 0.00, 65265, 1301028072.17, 
8.34, -1.24, -1.04, -0.58, -0.43, -1.24, -6.59, -15.69, 72.94, -0.91, -0.05, -0.56, -58.00, 4.06, -617.37, 0.00, 65262, 1301028072.42, 
8.31, -1.26, -1.07, -0.41, -0.18, -0.96, -7.08, -16.36, 73.30, -0.98, -0.18, -0.42, -56.18, 1.60, -617.37, 0.00, 65260, 1301028072.58, 
8.32, -1.25, -1.07, -0.84, -0.19, -1.22, -6.59, -16.97, 73.12, -1.25, -0.18, -0.85, -56.93, 2.56, -611.93, 0.00, 65266, 1301028072.78, 
8.29, -1.21, -1.05, 0.14, 0.00, -0.07, -6.71, -16.54, 73.12, -0.07, 0.00, 0.14, -58.43, 2.78, -611.82, 0.00, 65270, 1301028073.03, 
8.26, -1.22, -1.04, -0.44, 0.49, -0.11, -6.41, -16.91, 73.18, -0.13, 0.51, -0.43, -56.93, 5.02, -614.06, 0.00, 65270, 1301028073.18, 
8.27, -1.24, -1.04, -0.65, 0.01, -0.82, -6.23, -16.42, 72.81, -0.85, 0.04, -0.65, -56.29, 2.56, -611.61, 0.00, 65269, 1301028073.38, 
8.35, -1.25, -1.03, -0.22, -0.52, -0.37, -6.04, -17.15, 72.81, -0.38, -0.53, -0.24, -57.14, 2.46, -612.89, 0.00, 65264, 1301028073.63, 
8.31, -1.24, -1.04, -1.11, 0.77, -1.06, -6.84, -16.48, 73.00, -1.09, 0.80, -1.11, -56.61, 0.64, -614.28, 0.00, 65260, 1301028073.79, 
8.26, -1.26, -1.04, -0.27, 0.65, -0.82, -6.16, -16.97, 72.88, -0.83, 0.65, -0.27, -59.17, 0.85, -617.27, 0.00, 65258, 1301028073.99, 
8.28, -1.25, -1.03, 0.11, -0.41, -1.08, -6.90, -16.54, 73.43, -1.09, -0.42, 0.11, -55.33, 4.17, -617.16, 0.00, 65265, 1301028074.24, 
8.35, -1.25, -1.03, -0.67, -0.10, -0.23, -6.41, -16.97, 72.81, -0.25, -0.09, -0.69, -58.21, 5.66, -615.34, 0.00, 65264, 1301028074.4, 
8.42, -1.23, -0.99, -1.35, -0.04, -0.47, -6.29, -17.15, 73.49, -1.40, 0.02, -4.00, -63.87, 34.07, -594.94, 0.00, 65305, 1301028074.6, 
8.49, -1.23, -1.07, 3.47, 0.37, 1.17, -7.20, -15.44, 73.49, 1.25, 0.31, 3.50, -82.57, -26.17, -613.21, 0.00, 65225, 1301028074.84, 
8.35, -1.03, -0.85, -1.08, 1.99, -0.66, -6.77, -16.60, 73.24, -0.69, 2.01, -1.07, -16.02, -2.88, -626.99, 0.00, 65292, 1301028075.01, 
8.64, -1.00, -1.13, 8.24, 1.87, 5.19, -7.26, -17.09, 73.61, 5.38, 1.69, 8.30, 159.15, -188.74, -797.89, 0.00, 65140, 1301028075.2, 
8.20, -0.93, -1.08, 5.00, 22.65, 12.22, -7.69, -16.60, 73.67, 12.38, 22.54, 5.60, 491.98, -363.48, -570.48, 0.00, 37, 1301028075.45, 
8.45, -1.13, -1.18, 0.32, -5.29, 13.05, -7.02, -17.27, 73.55, 13.06, -5.31, 0.22, -648.78, 26.49, -1188.71, 0.00, 64141, 1301028075.61, 
8.55, -1.46, -1.25, 0.49, -2.72, 1.00, -7.08, -16.48, 73.85, 1.01, -2.74, 0.45, -977.33, 341.16, -1037.57, 0.00, 64261, 1301028075.82, 
8.87, -0.41, -0.59, -2.35, -30.56, -10.71, -6.77, -17.39, 73.67, -10.75, -30.57, -2.66, 272.58, 225.91, -577.64, 0.00, 234, 1301028076.05, 
8.77, -1.10, -1.03, -5.19, 5.14, 3.56, -6.90, -16.66, 73.49, 3.46, 5.24, -5.11, 266.07, -326.95, -587.25, 0.00, 65296, 1301028076.22, 
8.87, -1.02, -0.94, 6.48, -18.11, 2.53, -7.39, -16.91, 73.61, 2.59, -18.25, 6.18, -587.36, -23.39, -957.78, 0.00, 64349, 1301028076.43, 
8.76, -0.79, -0.43, -0.36, -19.43, -20.86, -6.71, -16.42, 74.52, -20.89, -19.46, -0.49, 560.44, 472.32, -611.82, 0.00, 743, 1301028076.65, 
8.93, -1.05, -0.55, 0.19, 10.41, 12.28, -6.90, -16.30, 73.49, 12.30, 10.42, 0.38, 223.77, -400.33, -1173.54, 0.00, 64634, 1301028076.83, 
8.93, -0.74, -0.99, 6.02, -1.36, 4.48, -6.96, -16.85, 73.18, 4.57, -1.47, 6.00, -584.80, -110.12, -1146.41, 0.00, 64115, 1301028077.04, 
8.92, -1.63, -0.88, -2.09, 26.31, -7.90, -7.63, -16.85, 73.97, -7.97, 26.38, -1.70, 722.37, -325.99, -223.77, 0.00, 607, 1301028077.25, 
8.77, -0.58, -0.53, -4.24, 0.08, 8.23, -6.65, -16.48, 73.67, 8.15, 0.16, -4.26, 536.94, -480.01, -691.61, 0.00, 65312, 1301028077.44, 
8.94, -0.91, -0.87, 1.08, -5.25, -2.54, -6.77, -16.54, 73.55, -2.54, -5.27, 1.01, 30.01, -43.37, -22.32, 0.00, 353, 1301028077.64, 
9.21, -0.71, -0.79, 3.58, 5.95, -0.29, -7.08, -16.48, 72.81, -0.25, 5.91, 3.68, -880.24, 197.92, -972.20, 0.00, 64299, 1301028077.86, 
9.20, -1.25, -1.11, 0.36, -5.45, 12.15, -6.29, -16.85, 73.49, 12.18, -5.47, 0.27, -424.15, 147.40, -1047.93, 0.00, 64629, 1301028078.04, 
9.35, -0.76, -0.43, 5.44, 10.95, -13.86, -7.26, -16.66, 74.04, -13.73, 10.89, 5.58, 636.49, -305.38, -165.02, 0.00, 573, 1301028078.25, 
9.16, -0.80, -0.70, -3.20, -2.53, 15.44, -7.08, -16.72, 73.85, 15.40, -2.46, -3.26, 45.18, -435.47, -733.80, 0.00, 64834, 1301028078.46, 
9.10, -0.70, -1.20, 2.61, -18.20, 14.74, -6.84, -16.60, 74.04, 14.77, -18.26, 2.27, -412.61, 123.69, -990.36, 0.00, 64658, 1301028078.65, 
9.04, -0.34, -0.32, -1.24, 13.64, -25.02, -6.35, -16.85, 73.79, -25.08, 13.66, -1.14, 874.90, -164.70, -310.08, 0.00, 775, 1301028078.86, 
9.10, -0.98, 0.00, 1.19, 30.58, -7.13, -7.75, -16.97, 74.28, -7.10, 30.60, 1.65, 638.31, -819.57, -822.24, 0.00, 64986, 1301028079.06, 
8.93, -1.20, -0.65, 4.53, 9.23, 5.41, -7.39, -17.03, 73.97, 5.54, 9.15, 4.73, 190.34, -482.47, -1127.40, 0.00, 64555, 1301028079.26, 
8.48, -1.00, -0.98, 3.45, -7.50, -5.78, -6.41, -16.48, 73.91, -5.76, -7.56, 3.37, -489.73, 284.55, -641.30, 0.00, 65074, 1301028079.46, 
8.66, -1.29, -0.93, 7.46, 19.40, 3.19, -7.08, -15.20, 73.36, 3.35, 19.26, 7.88, -262.44, -258.49, -846.91, 0.00, 64631, 1301028079.67, 
8.85, -1.07, -0.37, 2.09, -2.87, -28.83, -7.02, -16.30, 73.85, -28.83, -2.90, 2.08, 510.24, 336.03, -946.78, 0.00, 243, 1301028079.87, 
8.96, -1.63, -1.00, 9.26, -10.89, 39.45, -6.96, -16.36, 73.61, 39.61, -11.18, 8.95, -958.42, -503.62, -949.99, 0.00, 63601, 1301028080.07, 
9.02, -0.85, -0.45, -3.38, 22.26, 2.18, -6.77, -16.36, 73.55, 2.12, 22.34, -3.01, 211.38, -491.23, -814.76, 0.00, 64888, 1301028080.27, 
8.88, -0.67, -0.79, 1.85, 3.16, -3.16, -6.41, -16.85, 73.73, -3.13, 3.13, 1.92, 298.54, -159.47, -778.55, 0.00, 65302, 1301028080.47, 
8.46, -0.48, -0.52, -2.14, -18.50, -12.02, -7.51, -17.27, 73.97, -12.05, -18.50, -2.30, 44.97, 1063.10, -790.41, 0.00, 650, 1301028080.67, 
8.35, -0.31, -1.35, -0.04, -11.81, -4.64, -6.65, -16.48, 73.67, -4.66, -11.83, -0.18, -247.06, 704.75, -82.03, 0.00, 742, 1301028080.88, 
8.39, -0.51, -0.42, -2.68, 6.55, 11.32, -7.08, -16.60, 73.67, 11.29, 6.61, -2.55, 401.83, -598.36, -707.42, 0.00, 65064, 1301028081.08, 
8.21, -0.57, -0.69, 0.18, -6.74, 1.51, -6.47, -17.03, 73.73, 1.52, -6.76, 0.11, 211.38, 122.19, -1099.31, 0.00, 65163, 1301028081.28, 
8.29, -0.96, -0.96, 2.83, -13.31, 42.24, -6.90, -16.78, 73.85, 42.31, -13.41, 2.46, -664.16, -458.33, -593.13, 0.00, 64285, 1301028081.48, 
7.69, -0.99, -1.12, 5.03, -14.43, 4.81, -7.20, -16.36, 74.16, 4.86, -14.55, 4.77, -532.14, 88.44, -145.48, 0.00, 65337, 1301028081.68, 
7.80, -0.31, -0.96, 3.96, 4.77, -11.11, -7.08, -16.72, 73.24, -11.09, 4.73, 4.02, 263.61, 220.14, -816.47, 0.00, 61, 1301028081.89, 
7.50, -0.71, -0.18, -3.57, -0.54, -34.47, -6.84, -16.05, 73.91, -34.55, -0.54, -3.59, 523.59, 583.62, -408.56, 0.00, 1022, 1301028082.09, 
7.84, -1.09, -0.88, 4.79, -7.29, -2.69, -6.84, -17.15, 73.24, -2.65, -7.39, 4.67, -457.26, -130.84, -265.53, 0.00, 65071, 1301028082.29, 
8.22, -1.34, -0.56, -4.46, 4.78, 18.92, -7.57, -17.09, 73.61, 18.88, 4.89, -4.37, -577.96, -598.89, -688.08, 0.00, 64108, 1301028082.49, 
8.10, -0.20, -0.66, -5.66, -6.21, -29.61, -6.96, -16.85, 74.04, -29.72, -6.22, -5.67, 499.03, 475.53, -351.84, 0.00, 943, 1301028082.69, 
8.23, -0.74, -0.79, -7.14, 2.10, 9.67, -7.02, -16.78, 73.67, 9.59, 2.21, -7.12, 203.37, 187.03, -924.35, 0.00, 65413, 1301028082.9, 
8.31, -0.77, -1.37, 3.75, -19.36, 8.65, -6.90, -16.85, 73.36, 8.70, -19.46, 3.41, -407.92, 362.09, -681.78, 0.00, 65197, 1301028083.1, 
8.11, -0.10, -0.54, -5.95, -3.86, -5.58, -7.02, -17.82, 73.73, -5.67, -3.81, -6.00, 607.12, -131.59, -970.07, 0.00, 65413, 1301028083.31, 
8.16, -0.92, -0.51, -4.99, 21.23, -22.52, -7.57, -16.60, 73.12, -22.63, 21.31, -4.80, -54.58, -16.24, -353.44, 0.00, 65502, 1301028083.51, 
8.04, -1.04, -0.96, 2.38, -10.34, 28.66, -6.90, -16.66, 73.36, 28.72, -10.42, 2.14, -617.91, -276.86, -1071.75, 0.00, 64013, 1301028083.71, 
8.01, -0.51, -0.85, -0.05, 2.07, -4.53, -7.51, -16.72, 73.91, -4.55, 2.08, -0.04, 269.27, 119.31, -1498.25, 0.00, 64823, 1301028083.91, 
8.03, -0.38, -0.67, -3.71, 7.94, -21.20, -7.45, -16.97, 73.91, -21.29, 7.97, -3.66, 407.81, 217.04, -522.52, 0.00, 468, 1301028084.11, 
8.12, -0.80, -1.24, 6.54, 8.79, 1.79, -7.32, -16.85, 73.67, 1.88, 8.66, 6.74, -434.51, -146.97, -765.74, 0.00, 64624, 1301028084.31, 
7.73, -0.88, -0.04, -0.16, 3.38, 6.69, -6.77, -17.46, 73.67, 6.70, 3.39, -0.11, -323.53, -938.66, -575.29, 0.00, 64118, 1301028084.52, 
7.79, -0.44, -0.54, -2.07, 4.52, -8.35, -7.08, -16.85, 73.79, -8.41, 4.55, -2.03, 512.91, -97.63, -507.04, 0.00, 294, 1301028084.72, 
8.00, -0.35, -0.83, 0.18, -7.77, 3.63, -7.26, -17.39, 74.10, 3.64, -7.79, 0.05, 213.73, -123.80, -1279.39, 0.00, 64740, 1301028084.92, 
7.94, -0.35, -1.03, 3.56, -14.58, 23.92, -7.08, -16.78, 73.67, 23.97, -14.68, 3.28, -305.06, -190.23, -746.51, 0.00, 64718, 1301028085.13, 
7.73, -0.58, -0.44, -2.57, 3.97, -0.29, -7.39, -16.66, 73.55, -0.34, 4.02, -2.52, 385.16, -456.62, -1274.27, 0.00, 64593, 1301028085.33, 
7.75, -0.31, -0.89, 5.30, -5.23, 15.19, -7.69, -16.54, 73.97, 15.26, -5.33, 5.24, 81.92, 97.73, -1020.16, 0.00, 65126, 1301028085.53, 
7.53, -0.79, -0.15, -4.26, 13.17, 5.42, -7.32, -16.91, 73.67, 5.35, 13.26, -4.04, 282.52, -755.27, -788.91, 0.00, 64704, 1301028085.73, 
7.36, -0.69, -0.42, -0.51, -11.49, 17.48, -7.26, -16.78, 74.10, 17.50, -11.51, -0.78, -289.57, -770.86, -277.50, 0.00, 64611, 1301028085.93, 
7.37, -0.25, -0.90, 0.05, -6.15, -11.23, -7.20, -16.78, 74.10, -11.25, -6.16, 0.04, -147.19, 587.47, 247.48, 0.00, 1053, 1301028086.13, 
7.50, -0.94, -0.70, -5.53, 14.17, -10.33, -6.96, -16.91, 73.73, -10.44, 14.28, -5.33, 1.50, -190.34, -214.37, 0.00, 65531, 1301028086.34, 
7.53, -0.79, -0.99, 5.88, 18.40, -0.37, -6.90, -16.66, 73.73, -0.29, 18.32, 6.22, -229.00, -116.96, -887.82, 0.00, 64752, 1301028086.54, 
7.39, -0.35, -0.59, -0.93, 4.12, -29.55, -7.14, -16.48, 73.85, -29.61, 4.13, -0.92, 389.54, 181.37, -814.44, 0.00, 105, 1301028086.74, 
7.21, -0.81, -0.47, -3.21, 27.52, -42.87, -7.39, -17.03, 74.16, -43.00, 27.56, -3.21, 190.02, 277.28, -723.54, 0.00, 107, 1301028086.94, 
7.23, -0.91, -0.62, 2.49, -9.00, 12.61, -7.26, -16.66, 73.97, 12.67, -9.06, 2.32, 46.57, -445.09, -430.35, 0.00, 65119, 1301028087.15, 
7.21, -0.75, -1.02, -0.37, -2.17, 5.19, -6.53, -16.54, 73.36, 5.20, -2.17, -0.42, -366.69, -2.46, -1099.10, 0.00, 64473, 1301028087.35, 
7.43, -0.54, -1.37, 2.28, -9.48, -15.27, -7.57, -16.42, 74.34, -15.28, -9.51, 2.19, -134.16, 742.02, -372.88, 0.00, 590, 1301028087.55, 
7.51, -1.20, -0.82, -1.11, 0.67, 26.85, -6.84, -16.72, 74.28, 26.87, 0.71, -1.11, -356.75, -486.85, -1078.37, 0.00, 64067, 1301028087.75, 
7.69, -0.78, -0.45, 6.74, -2.68, -16.31, -7.26, -16.54, 74.40, -16.25, -2.74, 6.74, 114.93, 758.47, -588.32, 0.00, 660, 1301028087.96, 
7.57, -0.30, -1.11, 1.76, 14.64, -18.72, -6.84, -16.72, 73.67, -18.74, 14.64, 1.94, 125.18, 374.06, -626.88, 0.00, 268, 1301028088.15, 
7.60, -0.40, -1.37, 5.77, -12.50, -4.67, -7.57, -18.13, 73.55, -4.64, -12.58, 5.65, 75.62, 735.19, -597.08, 0.00, 587, 1301028088.41, 
7.37, -1.12, -0.88, 6.88, -2.28, 21.60, -7.14, -16.85, 74.10, 21.73, -2.46, 6.83, -453.42, -401.72, -1273.41, 0.00, 63859, 1301028088.56, 
7.42, -0.56, -1.20, -4.26, -7.32, 27.45, -6.96, -17.09, 73.61, 27.45, -7.23, -4.44, -310.93, -855.24, -666.08, 0.00, 64134, 1301028088.77, 
7.08, -0.89, -0.80, 3.89, -2.72, 25.67, -7.32, -16.42, 74.16, 25.75, -2.81, 3.84, -366.37, -269.38, -1283.77, 0.00, 64071, 1301028089.02, 
7.10, -0.57, -0.90, 3.57, 13.33, -2.43, -7.57, -16.66, 73.91, -2.41, 13.30, 3.79, -164.92, -8.33, -1380.33, 0.00, 64412, 1301028089.17, 
6.90, 0.08, -0.45, 2.05, -1.37, -14.79, -6.84, -17.09, 74.34, -14.82, -1.40, 2.05, -279.63, 805.04, -171.54, 0.00, 728, 1301028089.37, 
6.45, -0.68, -0.07, -3.41, -7.10, 10.19, -7.20, -16.05, 73.43, 10.15, -7.07, -3.52, 182.33, -660.10, -1043.77, 0.00, 64413, 1301028089.63, 
6.59, -0.46, -0.20, -3.43, 26.64, -31.28, -7.20, -16.97, 73.73, -31.37, 26.69, -3.30, 46.36, -203.80, -470.72, 0.00, 65291, 1301028089.78, 
6.41, 0.14, -1.01, 3.21, 1.24, -18.07, -7.32, -17.21, 73.67, -18.12, 1.21, 3.24, -219.82, 307.19, -722.05, 0.00, 65273, 1301028089.98, 
6.21, -0.76, -0.77, 2.51, 4.06, -12.02, -7.75, -17.03, 74.10, -12.00, 4.04, 2.57, -30.23, 355.04, -1352.56, 0.00, 64898, 1301028090.23, 
6.32, -0.10, -1.37, 4.77, 1.22, -30.38, -7.08, -16.66, 73.55, -30.39, 1.20, 4.78, 214.69, 833.88, -776.20, 0.00, 620, 1301028090.38, 
6.44, -0.19, -0.82, 6.56, -5.64, 8.27, -8.36, -16.42, 73.55, 8.32, -5.76, 6.49, -36.74, -25.10, -1430.11, 0.00, 64461, 1301028090.58, 
6.93, -0.08, -0.97, -7.13, 10.15, 18.07, -8.30, -16.97, 73.55, 18.08, 10.29, -6.96, -328.98, -566.96, -655.08, 0.00, 64428, 1301028090.83, 
7.03, 0.02, -0.66, 2.98, 16.37, -17.83, -7.93, -16.24, 73.55, -17.85, 16.36, 3.17, 330.80, -137.04, -709.77, 0.00, 65425, 1301028090.99, 
6.99, 0.01, -0.57, 3.79, -0.14, -15.85, -7.57, -16.42, 74.22, -15.87, -0.16, 3.81, -112.26, 245.99, -1492.70, 0.00, 64553, 1301028091.2, 
6.88, -0.52, -0.13, 0.70, 0.00, -30.03, -7.75, -16.60, 73.91, -30.06, 0.00, 0.71, 217.15, 431.63, -261.16, 0.00, 727, 1301028091.43, 
7.04, -0.14, -0.33, -8.35, 1.62, 28.63, -7.45, -16.97, 73.91, 28.67, 1.79, -8.34, -157.87, -677.40, -646.21, 0.00, 64498, 1301028091.6, 
7.44, 0.31, -0.56, 1.37, -3.36, -6.19, -8.85, -16.72, 73.36, -6.22, -3.39, 1.34, -24.67, -79.47, 215.65, 0.00, 494, 1301028091.8, 
7.86, 0.31, -0.21, 2.21, 2.01, 31.01, -8.42, -17.33, 73.73, -30.12, 11.49, 0.00, 79.57, -2.99, -44.54, 0.00, 449, 1301028092.04, 
8.46, 0.70, -0.56, 0.76, -11.60, 21.34, -9.58, -18.07, 74.04, 21.36, -11.63, 0.49, -89.62, -670.35, -431.52, 0.00, 64765, 1301028092.21, 
8.69, 0.79, -0.62, 4.50, -11.27, 1.85, -8.61, -17.52, 73.79, 1.81, -11.34, 4.39, 206.79, -5.66, -4.91, 0.00, 585, 1301028092.41, 
8.40, -0.13, 0.01, -3.57, -7.90, 19.60, -8.73, -17.21, 74.28, 19.62, -7.88, -3.64, -28.31, -331.86, 154.13, 0.00, 212, 1301028092.64, 
8.27, -0.01, -0.46, -6.26, 5.38, 4.30, -9.46, -17.39, 74.04, 4.33, 5.42, -6.25, -330.16, 218.22, -1236.88, 0.00, 64594, 1301028092.82, 
8.44, 0.54, -0.88, 13.51, -20.72, 25.54, -9.28, -17.58, 73.79, 25.42, -21.04, 13.10, -115.04, -213.41, -1007.88, 0.00, 64635, 1301028093.02, 
8.18, 0.73, -0.19, -1.68, 0.12, 8.86, -10.19, -17.33, 74.46, 8.90, 0.14, -1.69, 153.28, -357.39, -443.91, 0.00, 65303, 1301028093.24, 
8.16, 0.05, -0.52, 4.94, 7.03, 5.15, -9.03, -18.74, 74.22, 5.15, 6.99, 5.02, -175.92, -22.11, -1046.01, 0.00, 64726, 1301028093.42, 
7.65, 0.00, -0.12, -9.90, 15.39, -33.59, -8.79, -17.70, 74.22, -33.69, 15.37, -10.00, 184.46, 322.79, -261.58, 0.00, 589, 1301028093.62, 
7.79, 0.26, -0.55, -4.63, -4.16, 15.08, -9.34, -18.37, 75.01, 15.13, -4.11, -4.69, -105.32, -162.57, -752.81, 0.00, 64928, 1301028093.84, 
7.88, 0.41, -0.81, 0.95, -11.58, 7.44, -9.03, -17.70, 74.22, 7.45, -11.61, 0.78, -363.69, 81.18, -975.19, 0.00, 64671, 1301028094.03, 
8.01, -0.40, -0.32, -0.71, -7.97, 22.38, -8.73, -17.52, 74.40, 22.41, -7.97, -0.83, -425.97, -370.53, -624.85, 0.00, 64545, 1301028094.23, 
7.99, 0.18, -0.57, 5.18, 6.15, 2.10, -10.44, -18.31, 74.10, 2.08, 6.11, 5.25, -149.96, 3.42, -1420.07, 0.00, 64396, 1301028094.45, 
8.01, 0.16, -0.90, 5.52, -8.38, 13.17, -9.22, -18.74, 73.91, 13.17, -8.48, 5.40, -23.82, -661.17, -1642.88, 0.00, 63628, 1301028094.64, 
8.73, 0.64, -0.96, 6.07, -4.72, 12.33, -11.17, -18.68, 74.10, 12.29, -4.84, 6.00, -267.14, 92.61, -723.01, 0.00, 65063, 1301028094.84, 
9.70, 1.94, -1.55, 8.73, 12.79, -6.06, -13.18, -19.78, 72.45, -6.32, 12.52, 9.15, 222.17, -270.45, -164.49, 0.00, 210, 1301028095.05, 
10.72, 3.89, -2.33, -5.95, 27.40, -13.27, -16.30, -23.38, 70.37, -12.90, 27.69, -4.60, 26.17, -443.59, -1171.09, 0.00, 64353, 1301028095.25, 
10.55, 6.73, -4.95, 0.11, 14.06, -30.62, -21.12, -26.79, 67.26, -30.68, 14.02, 1.30, 57.68, 483.64, -1007.24, 0.00, 65416, 1301028095.46, 
8.45, 10.73, -10.37, -15.59, 2.29, 3.46, -24.41, -31.37, 62.19, 6.51, 5.07, -14.62, -395.10, -61.31, -736.90, 0.00, 64690, 1301028095.65, 
4.01, 13.32, -17.69, -24.54, -28.56, 7.83, -21.30, -33.63, 61.52, 13.63, -20.17, -31.33, -67.51, 531.18, -574.97, 0.00, 156, 1301028095.85, 
2.33, 8.95, -19.98, 11.33, -54.63, 58.15, -10.74, -25.63, 67.69, 56.41, -55.25, -8.08, 34.93, 505.65, -604.56, 0.00, 310, 1301028096.06, 
5.33, -2.13, -2.80, 14.68, -17.94, 9.54, -5.37, -16.72, 73.24, 10.09, -18.66, 13.79, -119.42, -274.72, -1422.84, 0.00, 64128, 1301028096.26, 
6.08, -3.37, 0.88, -9.68, 3.14, -0.21, -6.16, -16.60, 72.75, -0.78, 2.99, -9.73, -77.76, 66.97, -510.56, 0.00, 65398, 1301028096.46, 
7.10, -2.26, -0.09, 2.40, 1.25, -3.09, -6.71, -16.42, 72.94, -3.01, 1.25, 2.41, -85.77, -24.57, -609.36, 0.00, 65216, 1301028096.66, 
7.22, -1.67, -1.15, 5.45, 0.76, 0.19, -4.94, -16.85, 73.24, 0.36, 0.65, 5.47, -89.51, 8.97, -647.60, 0.00, 65222, 1301028096.87, 
7.15, -1.48, -1.21, 1.95, 0.27, -0.37, -5.55, -17.15, 72.39, -0.33, 0.24, 1.96, -70.07, 13.46, -613.63, 0.00, 65267, 1301028097.06, 
7.09, -1.37, -1.19, -0.76, 0.30, -0.78, -5.74, -17.21, 73.06, -0.82, 0.33, -0.76, -63.87, 14.74, -610.22, 0.00, 65275, 1301028097.26, 
6.95, -1.32, -1.25, -2.31, 0.00, -1.00, -5.62, -16.36, 72.69, -1.07, 0.05, -2.32, -67.83, 1.17, -618.98, 0.00, 65243, 1301028097.47, 
6.94, -1.30, -1.34, -1.33, 0.00, -0.52, -5.98, -16.48, 72.57, -0.56, 0.04, -1.34, -60.67, 0.75, -613.74, 0.00, 65258, 1301028097.67, 
6.97, -1.30, -1.42, -1.30, 0.05, -0.69, -6.16, -17.58, 72.69, -0.72, 0.09, -1.30, -60.67, -1.60, -614.28, 0.00, 65253, 1301028097.87, 
6.95, -1.33, -1.45, 0.03, 0.15, -0.45, -5.86, -16.85, 72.69, -0.45, 0.16, 0.04, -59.39, 1.71, -613.74, 0.00, 65264, 1301028098.08, 
7.02, -1.32, -1.45, -0.45, -0.19, -0.73, -5.86, -16.85, 72.14, -0.74, -0.18, -0.47, -57.46, 1.28, -615.98, 0.00, 65261, 1301028098.28, 
7.04, -1.27, -1.47, 0.12, -0.08, -0.85, -5.92, -16.85, 72.63, -0.85, -0.09, 0.13, -56.29, 4.91, -616.73, 0.00, 65266, 1301028098.48, 
6.98, -1.27, -1.48, -0.25, 0.05, -0.54, -5.62, -17.33, 72.81, -0.54, 0.07, -0.25, -53.83, 5.77, -615.56, 0.00, 65269, 1301028098.68, 
6.91, -1.25, -1.51, -0.25, 0.26, -0.82, -6.04, -16.66, 72.63, -0.83, 0.27, -0.25, -55.76, 7.58, -613.74, 0.00, 65271, 1301028098.89, 
6.91, -1.25, -1.47, -0.48, -0.21, -0.21, -6.47, -17.09, 72.57, -0.22, -0.20, -0.49, -58.53, 5.55, -612.89, 0.00, 65264, 1301028099.08, 
7.02, -1.26, -1.48, -0.29, 0.23, -0.89, -6.35, -16.66, 72.81, -0.91, 0.25, -0.29, -53.51, 6.52, -617.37, 0.00, 65269, 1301028099.29, 
6.95, -1.26, -1.47, -0.71, 0.82, -0.69, -5.86, -17.21, 72.45, -0.71, 0.85, -0.71, -57.57, 5.45, -608.72, 0.00, 65272, 1301028099.49, 
6.83, -1.27, -1.48, -0.59, 0.23, -0.29, -5.80, -16.85, 72.27, -0.31, 0.25, -0.60, -58.00, 5.66, -614.60, 0.00, 65267, 1301028099.69, 
6.83, -1.29, -1.46, 0.10, 0.29, -0.63, -6.04, -16.97, 73.00, -0.63, 0.29, 0.11, -56.18, 7.05, -613.63, 0.00, 65272, 1301028099.89, 
6.84, -1.29, -1.44, -0.76, 0.03, -0.88, -5.74, -17.15, 72.51, -0.91, 0.05, -0.76, -56.93, 4.38, -614.70, 0.00, 65266, 1301028100.1, 
6.84, -1.27, -1.47, -0.43, 0.45, -0.60, -5.62, -17.33, 72.63, -0.62, 0.47, -0.42, -58.21, 5.13, -612.46, 0.00, 65267, 1301028100.3, 
6.83, -1.27, -1.47, -0.71, 0.38, -0.82, -6.04, -16.91, 72.33, -0.85, 0.42, -0.71, -58.75, 4.81, -614.49, 0.00, 65264, 1301028100.5, 
6.86, -1.27, -1.45, -0.21, -0.40, -1.10, -6.23, -17.27, 72.88, -1.11, -0.40, -0.22, -56.50, 4.17, -613.63, 0.00, 65262, 1301028100.7, 
6.92, -1.27, -1.46, -0.04, 0.01, -0.30, -5.86, -16.42, 72.51, -0.31, 0.02, -0.05, -58.32, 3.63, -613.74, 0.00, 65265, 1301028100.9, 
6.84, -1.27, -1.45, -1.00, 0.71, -0.89, -5.62, -17.33, 72.27, -0.92, 0.74, -1.00, -55.76, 4.81, -615.56, 0.00, 65265, 1301028101.11, 
6.78, -1.29, -1.46, -0.74, 0.21, -1.15, -5.74, -16.85, 72.51, -1.18, 0.24, -0.74, -57.36, 6.09, -613.96, 0.00, 65267, 1301028101.31, 
6.86, -1.29, -1.46, -0.73, 0.43, -0.25, -5.86, -17.21, 72.57, -0.27, 0.45, -0.72, -57.46, 5.77, -613.74, 0.00, 65267, 1301028101.51, 
6.92, -1.27, -1.48, -0.85, -0.22, -0.65, -5.74, -16.78, 72.33, -0.67, -0.20, -0.87, -55.76, 5.45, -614.70, 0.00, 65267, 1301028101.71, 
6.83, -1.30, -1.45, -0.23, 0.00, -0.74, -6.23, -17.39, 72.94, -0.76, 0.00, -0.24, -58.96, 5.66, -611.71, 0.00, 65267, 1301028101.92, 
6.90, -1.31, -1.47, -0.25, 0.08, -1.14, -6.71, -16.60, 72.39, -1.16, 0.09, -0.25, -56.08, 3.63, -612.89, 0.00, 65265, 1301028102.12, 
7.00, -1.32, -1.45, -0.19, 0.04, -0.04, -5.68, -16.97, 72.27, -0.05, 0.05, -0.20, -57.25, 4.70, -613.85, 0.00, 65267, 1301028102.32, 
7.09, -1.30, -1.46, -1.57, -0.29, -0.89, -6.04, -16.78, 72.63, -0.94, -0.25, -1.58, -56.18, 6.41, -616.20, 0.00, 65263, 1301028102.52, 
7.00, -1.27, -1.46, 0.01, 0.12, -1.11, -5.74, -17.03, 72.94, -1.12, 0.13, 0.02, -56.40, 8.22, -615.98, 0.00, 65269, 1301028102.72, 
6.93, -1.29, -1.46, -0.51, 0.93, -0.84, -5.49, -15.99, 72.45, -0.85, 0.96, -0.49, -59.49, 10.15, -618.98, 0.00, 65267, 1301028102.93, 
6.90, -1.29, -1.46, -0.43, -0.08, -0.60, -5.62, -16.72, 72.81, -0.62, -0.07, -0.43, -56.29, 6.20, -610.96, 0.00, 65271, 1301028103.13, 
6.89, -1.27, -1.47, -0.38, 0.00, -1.21, -5.92, -17.09, 72.88, -1.23, 0.00, -0.40, -58.53, 7.69, -618.33, 0.00, 65261, 1301028103.33, 
6.88, -1.27, -1.48, -0.43, -0.08, -0.44, -5.68, -16.78, 72.57, -0.45, -0.07, -0.43, -56.18, 7.80, -613.53, 0.00, 65269, 1301028103.53, 
6.88, -1.29, -1.47, -0.51, 0.05, -0.59, -5.68, -17.39, 72.27, -0.62, 0.07, -0.51, -55.86, 7.48, -613.53, 0.00, 65271, 1301028103.73, 
6.86, -1.30, -1.48, -1.15, 0.70, -1.54, -5.68, -16.78, 72.57, -1.58, 0.74, -1.14, -56.50, 5.77, -615.77, 0.00, 65263, 1301028103.94, 
6.93, -1.29, -1.47, -0.43, 0.07, -0.27, -5.68, -17.09, 72.88, -0.29, 0.09, -0.43, -57.14, 8.33, -612.67, 0.00, 65271, 1301028104.14, 
6.86, -1.29, -1.47, -0.32, -0.16, -0.16, -5.86, -17.09, 71.96, -0.18, -0.16, -0.33, -58.11, 6.73, -617.59, 0.00, 65260, 1301028104.34, 
6.77, -1.26, -1.48, -0.36, 0.29, -0.66, -6.10, -17.09, 72.88, -0.67, 0.31, -0.36, -56.72, 6.41, -617.16, 0.00, 65264, 1301028104.54, 
6.71, -1.27, -1.48, 0.08, -0.01, -0.76, -6.10, -16.78, 72.51, -0.76, -0.02, 0.09, -57.79, 7.48, -613.96, 0.00, 65269, 1301028104.74, 
6.65, -1.26, -1.48, -0.43, 0.00, -0.84, -5.92, -16.48, 72.57, -0.85, 0.02, -0.43, -55.76, 6.41, -613.21, 0.00, 65271, 1301028104.94, 
6.59, -1.29, -1.51, -0.34, -0.67, -0.69, -5.92, -17.03, 72.75, -0.71, -0.67, -0.36, -57.14, 6.84, -614.92, 0.00, 65265, 1301028105.14, 
6.62, -1.27, -1.51, -0.58, -0.47, -1.21, -5.62, -17.27, 72.81, -1.23, -0.45, -0.60, -54.69, 5.98, -616.41, 0.00, 65263, 1301028105.35, 
6.61, -1.25, -1.53, -0.14, 0.04, -0.95, -5.49, -16.60, 72.88, -0.96, 0.05, -0.14, -58.75, 5.02, -613.31, 0.00, 65267, 1301028105.55, 
6.73, -1.26, -1.52, -0.15, -0.01, -0.82, -5.98, -17.15, 73.00, -0.83, -0.02, -0.16, -57.46, 6.73, -612.67, 0.00, 65267, 1301028105.75, 
6.66, -1.26, -1.52, -0.18, 0.00, -0.08, -5.86, -17.21, 73.24, -0.09, 0.00, -0.18, -55.54, 7.69, -615.24, 0.00, 65270, 1301028105.95, 
6.66, -1.40, -1.77, -1.43, 0.55, -0.40, -5.80, -16.24, 72.69, -0.34, 0.78, -2.08, -67.83, 35.57, -578.71, 0.00, 65320, 1301028106.21, 
6.69, -1.12, -0.76, 3.32, -0.91, 1.52, -5.98, -17.27, 72.88, 1.59, -0.96, 3.32, -88.12, 38.88, -664.48, 0.00, 65229, 1301028106.36, 
6.79, -1.20, -0.63, 4.53, -0.98, 0.33, -5.55, -16.97, 72.57, 0.43, -1.03, 4.53, -72.10, 24.14, -622.82, 0.00, 65273, 1301028106.56, 
6.94, -1.53, -1.45, 0.41, 0.37, -0.23, -5.74, -17.46, 72.57, -0.24, 0.36, 0.43, -51.16, 23.50, -640.77, 0.00, 65266, 1301028106.81, 
6.71, -1.34, -1.25, 2.65, -0.60, -1.19, -6.04, -17.03, 72.27, -1.14, -0.67, 2.65, -79.90, -19.65, -620.68, 0.00, 65214, 1301028106.97, 
6.72, -1.32, -1.63, 1.57, 0.05, -1.04, -6.16, -17.39, 72.75, -1.01, 0.02, 1.58, -89.19, 34.29, -589.17, 0.00, 65289, 1301028107.16, 
6.80, -1.45, -1.48, -0.29, 0.23, -0.51, -5.68, -16.78, 72.45, -0.53, 0.25, -0.29, -52.02, -0.75, -608.51, 0.00, 65272, 1301028107.42, 
6.79, -1.38, -1.48, -0.14, 0.87, -0.82, -5.49, -16.97, 72.45, -0.83, 0.87, -0.13, -67.08, 9.19, -614.28, 0.00, 65261, 1301028107.57, 
6.80, -1.36, -1.48, -0.26, -0.04, -0.29, -6.23, -17.09, 72.63, -0.31, -0.04, -0.27, -60.35, 3.95, -610.75, 0.00, 65262, 1301028107.78, 
6.82, -1.37, -1.57, -1.13, 0.30, -0.05, -5.92, -16.30, 72.88, -0.09, 0.34, -1.12, -41.55, -5.45, -613.10, 0.00, 65271, 1301028108.01, 
6.83, -1.42, -1.60, -1.74, 0.23, -0.21, -5.49, -16.91, 72.63, -0.25, 0.29, -1.74, -58.43, 11.64, -610.00, 0.00, 65274, 1301028108.18, 
6.86, -1.32, -1.46, -0.62, 0.51, -0.96, -5.98, -17.39, 72.69, -0.98, 0.53, -0.62, -46.57, 1.60, -617.37, 0.00, 65270, 1301028108.38, 
6.70, -1.18, -1.67, -0.54, 0.18, 0.43, -5.37, -16.17, 73.18, 0.42, 0.20, -0.54, -49.45, 56.50, -631.69, 0.00, 65312, 1301028108.62, 
6.69, -1.21, -1.47, -0.91, 0.15, 0.59, -5.80, -16.97, 73.18, 0.58, 0.18, -0.91, -51.59, -5.87, -619.83, 0.00, 65260, 1301028108.78, 
6.83, -1.16, -0.98, 0.03, -0.25, 3.36, -5.80, -15.93, 73.18, 3.37, -0.25, 0.04, -56.72, 5.55, -615.45, 0.00, 65278, 1301028108.98, 
6.38, -1.20, 0.21, -2.01, 1.08, -2.82, -5.25, -15.81, 73.43, -2.86, 1.09, -2.01, -42.30, -36.42, -634.25, 0.00, 65218, 1301028109.23, 
6.31, -1.25, -0.64, 0.03, 0.32, -1.88, -6.23, -16.54, 72.94, -1.88, 0.33, 0.04, -76.80, 30.87, -627.63, 0.00, 65260, 1301028109.39, 
6.31, -1.18, -0.56, 0.98, -0.23, -2.39, -6.16, -16.66, 73.00, -2.37, -0.25, 0.98, -57.14, 44.43, -616.31, 0.00, 65300, 1301028109.59, 
6.56, -1.27, -1.31, -1.37, -0.11, 0.08, -6.35, -16.85, 72.88, 0.05, -0.09, -1.38, -59.39, 17.20, -605.30, 0.00, 65283, 1301028109.83, 
6.50, -1.31, -1.26, -0.69, 0.29, 1.87, -5.68, -16.24, 72.69, 1.87, 0.31, -0.69, -53.41, 7.80, -607.65, 0.00, 65284, 1301028109.99, 
6.50, -1.35, -1.38, -1.03, 0.45, -0.88, -5.86, -16.85, 72.69, -0.91, 0.49, -1.03, -59.49, 44.11, -603.27, 0.00, 65313, 1301028110.19, 
6.46, -1.19, -1.25, -0.04, -0.25, -0.93, -5.25, -17.70, 72.75, -0.94, -0.25, -0.05, -56.61, -2.88, -596.97, 0.00, 65275, 1301028110.44, 
6.49, -1.25, -1.02, -0.33, 0.66, -0.29, -6.10, -16.54, 72.45, -0.31, 0.67, -0.33, -53.30, 6.52, -600.82, 0.00, 65285, 1301028110.6, 
6.28, -1.25, -1.02, -2.65, -0.05, -1.57, -6.10, -16.11, 72.69, -1.63, -0.02, -2.66, -42.19, -28.73, -612.99, 0.00, 65241, 1301028110.8, 
6.42, -1.11, -0.97, 0.92, 0.47, -1.17, -5.86, -16.30, 73.12, -1.16, 0.45, 0.94, -61.10, -5.98, -618.44, 0.00, 65250, 1301028111.03, 
6.58, -1.24, -1.01, -0.30, 0.03, -0.08, -6.04, -16.42, 72.75, -0.09, 0.04, -0.31, -58.85, 2.03, -614.81, 0.00, 65262, 1301028111.21, 
6.67, -1.27, -0.97, -0.76, 0.48, -0.60, -5.74, -16.72, 72.63, -0.63, 0.51, -0.76, -79.79, 16.45, -627.20, 0.00, 65244, 1301028111.41, 
6.68, -1.27, -1.10, 0.23, -0.43, -1.28, -5.00, -16.66, 73.00, -0.56, 0.04, -0.40, -69.21, 16.34, -617.59, 0.00, 65262, 1301028111.64, 
6.64, -1.25, -1.01, 0.08, 0.00, -0.77, -5.68, -16.24, 72.69, -0.78, 0.00, 0.09, -59.92, -2.78, -615.66, 0.00, 65258, 1301028111.81, 
6.67, -1.24, -1.09, 0.85, 0.58, -0.32, -5.98, -16.85, 73.18, -0.31, 0.56, 0.87, -55.97, -4.49, -604.66, 0.00, 65272, 1301028112.02, 
6.66, -1.32, -1.02, -1.66, 0.33, -0.81, -5.98, -16.54, 72.81, -0.85, 0.36, -1.67, -52.87, 7.80, -612.78, 0.00, 65274, 1301028112.24, 
6.57, -1.18, -1.18, 0.18, -0.38, -0.65, -5.80, -16.66, 72.94, -0.65, -0.40, 0.18, -59.81, 44.75, -642.15, 0.00, 65276, 1301028112.42, 
6.62, -1.26, -0.98, -0.95, 0.60, 0.92, -6.65, -16.54, 73.12, 0.91, 0.63, -0.94, -49.77, -5.87, -593.34, 0.00, 65288, 1301028112.62, 
6.54, -1.30, -0.46, -1.76, 0.47, -2.09, -5.86, -15.69, 72.39, -2.14, 0.49, -1.76, -53.09, 1.17, -625.60, 0.00, 65252, 1301028112.84, 
6.22, -1.22, -0.51, -1.26, 0.10, -2.83, -6.16, -16.60, 72.75, -2.86, 0.11, -1.27, -58.32, -5.23, -619.51, 0.00, 65244, 1301028113.03, 
6.37, -1.29, -1.15, 0.70, 0.71, 0.37, -5.86, -15.62, 72.81, 0.40, 0.71, 0.72, -46.68, 19.12, -615.34, 0.00, 65296, 1301028113.23, 
6.41, -1.36, -0.94, -0.54, 0.26, -0.23, -5.80, -15.69, 73.49, -0.25, 0.27, -0.54, -70.71, 15.27, -609.04, 0.00, 65272, 1301028113.46, 
6.38, -1.14, -0.98, 0.29, -0.16, -1.14, -5.55, -16.30, 72.45, -1.14, -0.18, 0.29, -52.87, 7.16, -615.13, 0.00, 65272, 1301028113.63, 
6.61, -1.04, -0.94, 0.34, -0.05, -0.95, -6.23, -16.11, 72.57, -0.94, -0.07, 0.34, -9.83, -24.99, -608.29, 0.00, 65291, 1301028113.84, 
6.64, -0.80, -1.13, -0.01, 2.68, -0.48, -6.10, -16.54, 73.30, -0.49, 2.68, 0.04, -18.16, -2.35, -653.58, 0.00, 65265, 1301028114.06, 
6.69, -0.89, -1.04, 0.49, 3.02, -0.29, -6.23, -16.66, 72.88, -0.29, 3.03, 0.56, -58.64, 26.81, -628.05, 0.00, 65281, 1301028114.24, 
6.82, -0.65, -0.99, -0.93, -1.32, -0.36, -7.02, -16.97, 72.88, -0.38, -1.30, -0.96, -46.57, 44.43, -622.50, 0.00, 65305, 1301028114.44, 
6.59, -0.79, -1.30, -3.98, 0.99, 1.32, -6.84, -16.48, 73.12, 1.27, 1.09, -3.97, -42.83, 23.93, -638.95, 0.00, 65276, 1301028114.66, 
6.43, -0.73, -0.58, 0.14, 12.14, -5.58, -5.37, -16.66, 72.94, -5.58, 12.16, 0.27, -245.24, -63.55, -683.70, 0.00, 64959, 1301028114.85, 
6.57, -1.46, -0.66, -0.78, -0.41, -2.06, -5.31, -16.42, 72.94, -2.08, -0.42, -0.80, -34.71, -12.50, -613.96, 0.00, 65268, 1301028115.05, 
6.70, -1.60, -0.83, 0.16, 0.25, -1.66, -5.92, -16.17, 74.16, -1.67, 0.25, 0.18, -25.42, 0.85, -616.09, 0.00, 65295, 1301028115.26, 
6.65, -1.22, -0.96, -0.71, 2.13, -0.45, -5.80, -16.36, 73.30, -0.47, 2.16, -0.69, -43.05, 2.78, -598.15, 0.00, 65300, 1301028115.46, 
6.71, -1.32, -0.68, -0.18, 2.01, 3.12, -5.80, -16.36, 73.24, 3.12, 2.01, -0.16, -93.89, -13.99, -515.26, 0.00, 65325, 1301028115.66, 
6.70, -1.34, -0.74, 1.07, 0.15, -1.10, -5.80, -16.30, 73.12, -1.09, 0.14, 1.09, -56.08, -7.80, -591.42, 0.00, 65282, 1301028115.86, 
6.80, -1.38, -1.05, -0.33, 1.33, -0.55, -6.04, -16.17, 73.30, -0.56, 1.34, -0.31, -82.67, 3.52, -598.57, 0.00, 65258, 1301028116.06, 
6.81, -1.15, -0.74, -1.33, 0.87, -1.85, -6.29, -16.66, 73.18, -1.88, 0.89, -1.32, -81.07, -5.55, -640.34, 0.00, 65203, 1301028116.26, 
6.82, -1.09, -0.90, 0.05, -0.21, -0.03, -5.86, -14.65, 72.81, -0.04, -0.22, 0.05, -66.76, -13.35, -611.18, 0.00, 65245, 1301028116.48, 
6.73, -1.13, -0.90, -0.82, -0.25, -1.00, -6.35, -15.93, 73.61, -1.03, -0.24, -0.83, -45.29, -6.84, -608.94, 0.00, 65271, 1301028116.67, 
6.82, -1.08, -1.30, -1.35, 0.62, 1.07, -5.86, -16.54, 72.88, 1.05, 0.65, -1.34, -68.47, 32.79, -619.40, 0.00, 65280, 1301028116.87, 
6.94, -1.12, -1.26, -3.34, 0.33, -0.58, -5.98, -17.15, 72.81, -0.65, 0.42, -3.33, -48.81, -6.41, -621.22, 0.00, 65250, 1301028117.07, 
7.08, -1.00, -1.35, -0.47, 0.10, 0.12, -6.29, -16.54, 73.00, 0.13, 0.11, -0.47, -50.09, 0.21, -604.02, 0.00, 65282, 1301028117.27, 
6.99, -0.91, -0.78, -0.49, 0.88, -3.80, -6.16, -16.91, 72.94, -3.82, 0.89, -0.49, -55.86, 7.05, -616.73, 0.00, 65264, 1301028117.48, 
6.55, -0.46, -1.87, -1.14, -3.38, 1.02, -6.29, -17.27, 73.61, 1.01, -3.35, -1.25, -63.66, 41.87, -618.33, 0.00, 65287, 1301028117.68, 
6.37, -0.69, -0.77, -0.65, 0.29, -1.69, -6.53, -16.30, 72.88, -1.70, 0.31, -0.65, -80.22, -26.17, -602.21, 0.00, 65223, 1301028117.88, 
6.37, -0.46, -1.64, 1.84, 1.85, -2.38, -6.71, -16.66, 72.69, -2.37, 1.81, 1.90, -53.41, 29.69, -624.85, 0.00, 65287, 1301028118.08, 
6.30, -0.63, -1.61, -5.27, 1.46, -1.98, -6.53, -16.66, 73.12, -2.05, 1.61, -5.24, -45.61, -2.56, -625.38, 0.00, 65250, 1301028118.29, 
